sched,ocs,dp,reuse,wbd,bank,regb,ocu,rfc,case_label,op,stage,stall,remain
gto,1,4,0,1,2,8,8,1,backprop,ALU_OP,SCHEDULER,7301337,9750629
gto,1,4,0,1,2,8,8,1,backprop,ALU_OP,OPERAND_COLLECTOR,0,884641
gto,1,4,0,1,2,8,8,1,backprop,ALU_OP,EXECUTION_PIPELINE,0,237596
gto,1,4,0,1,2,8,8,1,backprop,ALU_OP,WRITEBACK,342,59741
gto,1,4,0,1,2,8,8,1,backprop,DP_OP,SCHEDULER,1413811,1441754
gto,1,4,0,1,2,8,8,1,backprop,DP_OP,OPERAND_COLLECTOR,745803,1111686
gto,1,4,0,1,2,8,8,1,backprop,DP_OP,EXECUTION_PIPELINE,0,1820503
gto,1,4,0,1,2,8,8,1,backprop,DP_OP,WRITEBACK,0,14341
gto,1,4,0,1,2,8,8,1,backprop,INTP_OP,SCHEDULER,1297499,1824965
gto,1,4,0,1,2,8,8,1,backprop,INTP_OP,OPERAND_COLLECTOR,0,431414
gto,1,4,0,1,2,8,8,1,backprop,INTP_OP,EXECUTION_PIPELINE,0,442380
gto,1,4,0,1,2,8,8,1,backprop,INTP_OP,WRITEBACK,430,111025
gto,1,4,0,1,2,8,8,1,backprop,LOAD_OP,SCHEDULER,201359,3689813
gto,1,4,0,1,2,8,8,1,backprop,LOAD_OP,OPERAND_COLLECTOR,25999,248501
gto,1,4,0,1,2,8,8,1,backprop,LOAD_OP,EXECUTION_PIPELINE,0,29462039
gto,1,4,0,1,2,8,8,1,backprop,LOAD_OP,WRITEBACK,0,0
gto,1,4,0,1,2,8,8,1,backprop,SFU_OP,SCHEDULER,546,626051
gto,1,4,0,1,2,8,8,1,backprop,SFU_OP,OPERAND_COLLECTOR,176,20181
gto,1,4,0,1,2,8,8,1,backprop,SFU_OP,EXECUTION_PIPELINE,0,194066
gto,1,4,0,1,2,8,8,1,backprop,SFU_OP,WRITEBACK,6,8198
gto,1,4,0,1,2,8,8,1,backprop,SP_OP,SCHEDULER,389527,412454
gto,1,4,0,1,2,8,8,1,backprop,SP_OP,OPERAND_COLLECTOR,0,27656
gto,1,4,0,1,2,8,8,1,backprop,SP_OP,EXECUTION_PIPELINE,0,40960
gto,1,4,0,1,2,8,8,1,backprop,SP_OP,WRITEBACK,172,10412
gto,1,4,0,1,2,8,8,1,bfs,ALU_OP,SCHEDULER,15876,270196
gto,1,4,0,1,2,8,8,1,bfs,ALU_OP,OPERAND_COLLECTOR,0,27734
gto,1,4,0,1,2,8,8,1,bfs,ALU_OP,EXECUTION_PIPELINE,0,35064
gto,1,4,0,1,2,8,8,1,bfs,ALU_OP,WRITEBACK,0,8766
gto,1,4,0,1,2,8,8,1,bfs,INTP_OP,SCHEDULER,1529742,2087661
gto,1,4,0,1,2,8,8,1,bfs,INTP_OP,OPERAND_COLLECTOR,0,288659
gto,1,4,0,1,2,8,8,1,bfs,INTP_OP,EXECUTION_PIPELINE,0,337652
gto,1,4,0,1,2,8,8,1,bfs,INTP_OP,WRITEBACK,0,84413
gto,1,4,0,1,2,8,8,1,bfs,LOAD_OP,SCHEDULER,63992,134030
gto,1,4,0,1,2,8,8,1,bfs,LOAD_OP,OPERAND_COLLECTOR,435,41697
gto,1,4,0,1,2,8,8,1,bfs,LOAD_OP,EXECUTION_PIPELINE,0,5257153
gto,1,4,0,1,2,8,8,1,bfs,LOAD_OP,WRITEBACK,0,0
gto,1,4,0,1,2,8,8,1,heartwall,ALU_OP,SCHEDULER,95479,378292
gto,1,4,0,1,2,8,8,1,heartwall,ALU_OP,OPERAND_COLLECTOR,0,77756
gto,1,4,0,1,2,8,8,1,heartwall,ALU_OP,EXECUTION_PIPELINE,0,92208
gto,1,4,0,1,2,8,8,1,heartwall,ALU_OP,WRITEBACK,33,23085
gto,1,4,0,1,2,8,8,1,heartwall,INTP_OP,SCHEDULER,879596,1576483
gto,1,4,0,1,2,8,8,1,heartwall,INTP_OP,OPERAND_COLLECTOR,0,431309
gto,1,4,0,1,2,8,8,1,heartwall,INTP_OP,EXECUTION_PIPELINE,0,519384
gto,1,4,0,1,2,8,8,1,heartwall,INTP_OP,WRITEBACK,215,130061
gto,1,4,0,1,2,8,8,1,heartwall,LOAD_OP,SCHEDULER,148199,269540
gto,1,4,0,1,2,8,8,1,heartwall,LOAD_OP,OPERAND_COLLECTOR,258,60315
gto,1,4,0,1,2,8,8,1,heartwall,LOAD_OP,EXECUTION_PIPELINE,0,9297465
gto,1,4,0,1,2,8,8,1,heartwall,LOAD_OP,WRITEBACK,0,0
gto,1,4,0,1,2,8,8,1,heartwall,SFU_OP,SCHEDULER,17456,23470
gto,1,4,0,1,2,8,8,1,heartwall,SFU_OP,OPERAND_COLLECTOR,0,6750
gto,1,4,0,1,2,8,8,1,heartwall,SFU_OP,EXECUTION_PIPELINE,0,56464
gto,1,4,0,1,2,8,8,1,heartwall,SFU_OP,WRITEBACK,0,2448
gto,1,4,0,1,2,8,8,1,hotspot,ALU_OP,SCHEDULER,1954389,2393091
gto,1,4,0,1,2,8,8,1,hotspot,ALU_OP,OPERAND_COLLECTOR,0,1166903
gto,1,4,0,1,2,8,8,1,hotspot,ALU_OP,EXECUTION_PIPELINE,0,474456
gto,1,4,0,1,2,8,8,1,hotspot,ALU_OP,WRITEBACK,259,118873
gto,1,4,0,1,2,8,8,1,hotspot,DP_OP,SCHEDULER,5839436,8470492
gto,1,4,0,1,2,8,8,1,hotspot,DP_OP,OPERAND_COLLECTOR,1067463,1716895
gto,1,4,0,1,2,8,8,1,hotspot,DP_OP,EXECUTION_PIPELINE,0,7663524
gto,1,4,0,1,2,8,8,1,hotspot,DP_OP,WRITEBACK,0,73871
gto,1,4,0,1,2,8,8,1,hotspot,INTP_OP,SCHEDULER,518605,1610316
gto,1,4,0,1,2,8,8,1,hotspot,INTP_OP,OPERAND_COLLECTOR,0,689723
gto,1,4,0,1,2,8,8,1,hotspot,INTP_OP,EXECUTION_PIPELINE,0,775396
gto,1,4,0,1,2,8,8,1,hotspot,INTP_OP,WRITEBACK,2340,196189
gto,1,4,0,1,2,8,8,1,hotspot,LOAD_OP,SCHEDULER,149812,389628
gto,1,4,0,1,2,8,8,1,hotspot,LOAD_OP,OPERAND_COLLECTOR,56226,431279
gto,1,4,0,1,2,8,8,1,hotspot,LOAD_OP,EXECUTION_PIPELINE,0,13044467
gto,1,4,0,1,2,8,8,1,hotspot,LOAD_OP,WRITEBACK,0,0
gto,1,4,0,1,2,8,8,1,hotspot,SFU_OP,SCHEDULER,0,14336
gto,1,4,0,1,2,8,8,1,hotspot,SFU_OP,OPERAND_COLLECTOR,64,43493
gto,1,4,0,1,2,8,8,1,hotspot,SFU_OP,EXECUTION_PIPELINE,0,331360
gto,1,4,0,1,2,8,8,1,hotspot,SFU_OP,WRITEBACK,6,14342
gto,1,4,0,1,2,8,8,1,hotspot,SP_OP,SCHEDULER,537321,1026151
gto,1,4,0,1,2,8,8,1,hotspot,SP_OP,OPERAND_COLLECTOR,0,308965
gto,1,4,0,1,2,8,8,1,hotspot,SP_OP,EXECUTION_PIPELINE,0,369552
gto,1,4,0,1,2,8,8,1,hotspot,SP_OP,WRITEBACK,381,92769
gto,1,4,0,1,2,8,8,1,lud,ALU_OP,SCHEDULER,1186,4374
gto,1,4,0,1,2,8,8,1,lud,ALU_OP,OPERAND_COLLECTOR,0,3698
gto,1,4,0,1,2,8,8,1,lud,ALU_OP,EXECUTION_PIPELINE,0,5368
gto,1,4,0,1,2,8,8,1,lud,ALU_OP,WRITEBACK,0,1342
gto,1,4,0,1,2,8,8,1,lud,INTP_OP,SCHEDULER,11258,27117
gto,1,4,0,1,2,8,8,1,lud,INTP_OP,OPERAND_COLLECTOR,0,21124
gto,1,4,0,1,2,8,8,1,lud,INTP_OP,EXECUTION_PIPELINE,0,25960
gto,1,4,0,1,2,8,8,1,lud,INTP_OP,WRITEBACK,0,6490
gto,1,4,0,1,2,8,8,1,lud,LOAD_OP,SCHEDULER,29925,73847
gto,1,4,0,1,2,8,8,1,lud,LOAD_OP,OPERAND_COLLECTOR,6972,43557
gto,1,4,0,1,2,8,8,1,lud,LOAD_OP,EXECUTION_PIPELINE,0,926040
gto,1,4,0,1,2,8,8,1,lud,LOAD_OP,WRITEBACK,0,0
gto,1,4,0,1,2,8,8,1,lud,SFU_OP,SCHEDULER,5786,6118
gto,1,4,0,1,2,8,8,1,lud,SFU_OP,OPERAND_COLLECTOR,0,312
gto,1,4,0,1,2,8,8,1,lud,SFU_OP,EXECUTION_PIPELINE,0,3588
gto,1,4,0,1,2,8,8,1,lud,SFU_OP,WRITEBACK,0,156
gto,1,4,0,1,2,8,8,1,lud,SP_OP,SCHEDULER,129203,148934
gto,1,4,0,1,2,8,8,1,lud,SP_OP,OPERAND_COLLECTOR,0,16148
gto,1,4,0,1,2,8,8,1,lud,SP_OP,EXECUTION_PIPELINE,0,20256
gto,1,4,0,1,2,8,8,1,lud,SP_OP,WRITEBACK,0,5064
gto,1,4,0,1,2,8,8,1,nn,ALU_OP,SCHEDULER,124231,368238
gto,1,4,0,1,2,8,8,1,nn,ALU_OP,OPERAND_COLLECTOR,0,166979
gto,1,4,0,1,2,8,8,1,nn,ALU_OP,EXECUTION_PIPELINE,0,167464
gto,1,4,0,1,2,8,8,1,nn,ALU_OP,WRITEBACK,25,41891
gto,1,4,0,1,2,8,8,1,nn,INTP_OP,SCHEDULER,743397,6103941
gto,1,4,0,1,2,8,8,1,nn,INTP_OP,OPERAND_COLLECTOR,0,687746
gto,1,4,0,1,2,8,8,1,nn,INTP_OP,EXECUTION_PIPELINE,0,577444
gto,1,4,0,1,2,8,8,1,nn,INTP_OP,WRITEBACK,357,144718
gto,1,4,0,1,2,8,8,1,nn,LOAD_OP,SCHEDULER,3126718,4394888
gto,1,4,0,1,2,8,8,1,nn,LOAD_OP,OPERAND_COLLECTOR,3694868,7137340
gto,1,4,0,1,2,8,8,1,nn,LOAD_OP,EXECUTION_PIPELINE,0,230049668
gto,1,4,0,1,2,8,8,1,nn,LOAD_OP,WRITEBACK,0,0
gto,1,4,0,1,2,8,8,1,nn,SFU_OP,SCHEDULER,26434,42341
gto,1,4,0,1,2,8,8,1,nn,SFU_OP,OPERAND_COLLECTOR,3,12864
gto,1,4,0,1,2,8,8,1,nn,SFU_OP,EXECUTION_PIPELINE,0,86870
gto,1,4,0,1,2,8,8,1,nn,SFU_OP,WRITEBACK,0,3752
gto,1,4,0,1,2,8,8,1,nn,SPECIALIZED_UNIT_1_OP,SCHEDULER,15521,24059
gto,1,4,0,1,2,8,8,1,nn,SPECIALIZED_UNIT_1_OP,OPERAND_COLLECTOR,1136,20622
gto,1,4,0,1,2,8,8,1,nn,SPECIALIZED_UNIT_1_OP,EXECUTION_PIPELINE,0,35404
gto,1,4,0,1,2,8,8,1,nn,SPECIALIZED_UNIT_1_OP,WRITEBACK,0,4346
gto,1,4,0,1,2,8,8,1,nn,SP_OP,SCHEDULER,382030,776583
gto,1,4,0,1,2,8,8,1,nn,SP_OP,OPERAND_COLLECTOR,0,348720
gto,1,4,0,1,2,8,8,1,nn,SP_OP,EXECUTION_PIPELINE,0,390208
gto,1,4,0,1,2,8,8,1,nn,SP_OP,WRITEBACK,118,97670
gto,1,4,0,1,2,8,8,1,nw,ALU_OP,SCHEDULER,576,1472
gto,1,4,0,1,2,8,8,1,nw,ALU_OP,OPERAND_COLLECTOR,0,1856
gto,1,4,0,1,2,8,8,1,nw,ALU_OP,EXECUTION_PIPELINE,0,2560
gto,1,4,0,1,2,8,8,1,nw,ALU_OP,WRITEBACK,0,640
gto,1,4,0,1,2,8,8,1,nw,INTP_OP,SCHEDULER,110735,178757
gto,1,4,0,1,2,8,8,1,nw,INTP_OP,OPERAND_COLLECTOR,0,35274
gto,1,4,0,1,2,8,8,1,nw,INTP_OP,EXECUTION_PIPELINE,0,60512
gto,1,4,0,1,2,8,8,1,nw,INTP_OP,WRITEBACK,0,15128
gto,1,4,0,1,2,8,8,1,nw,LOAD_OP,SCHEDULER,13692,39792
gto,1,4,0,1,2,8,8,1,nw,LOAD_OP,OPERAND_COLLECTOR,3520,40768
gto,1,4,0,1,2,8,8,1,nw,LOAD_OP,EXECUTION_PIPELINE,0,2098190
gto,1,4,0,1,2,8,8,1,nw,LOAD_OP,WRITEBACK,0,0
gto,1,4,0,1,2,8,8,1,pathfinder,ALU_OP,SCHEDULER,4344,215630
gto,1,4,0,1,2,8,8,1,pathfinder,ALU_OP,OPERAND_COLLECTOR,0,7572
gto,1,4,0,1,2,8,8,1,pathfinder,ALU_OP,EXECUTION_PIPELINE,0,10400
gto,1,4,0,1,2,8,8,1,pathfinder,ALU_OP,WRITEBACK,0,2600
gto,1,4,0,1,2,8,8,1,pathfinder,INTP_OP,SCHEDULER,347517,379622
gto,1,4,0,1,2,8,8,1,pathfinder,INTP_OP,OPERAND_COLLECTOR,0,38253
gto,1,4,0,1,2,8,8,1,pathfinder,INTP_OP,EXECUTION_PIPELINE,0,44032
gto,1,4,0,1,2,8,8,1,pathfinder,INTP_OP,WRITEBACK,0,11008
gto,1,4,0,1,2,8,8,1,pathfinder,LOAD_OP,SCHEDULER,37099,53353
gto,1,4,0,1,2,8,8,1,pathfinder,LOAD_OP,OPERAND_COLLECTOR,1221,20534
gto,1,4,0,1,2,8,8,1,pathfinder,LOAD_OP,EXECUTION_PIPELINE,0,1843555
gto,1,4,0,1,2,8,8,1,pathfinder,LOAD_OP,WRITEBACK,0,0
gto,1,4,0,1,2,8,8,1,srad_v2,ALU_OP,SCHEDULER,497081,667530
gto,1,4,0,1,2,8,8,1,srad_v2,ALU_OP,OPERAND_COLLECTOR,0,146761
gto,1,4,0,1,2,8,8,1,srad_v2,ALU_OP,EXECUTION_PIPELINE,0,87040
gto,1,4,0,1,2,8,8,1,srad_v2,ALU_OP,WRITEBACK,47,21807
gto,1,4,0,1,2,8,8,1,srad_v2,DP_OP,SCHEDULER,824703,1248349
gto,1,4,0,1,2,8,8,1,srad_v2,DP_OP,OPERAND_COLLECTOR,160214,244420
gto,1,4,0,1,2,8,8,1,srad_v2,DP_OP,EXECUTION_PIPELINE,0,1219386
gto,1,4,0,1,2,8,8,1,srad_v2,DP_OP,WRITEBACK,0,11264
gto,1,4,0,1,2,8,8,1,srad_v2,INTP_OP,SCHEDULER,288084,1215381
gto,1,4,0,1,2,8,8,1,srad_v2,INTP_OP,OPERAND_COLLECTOR,0,281439
gto,1,4,0,1,2,8,8,1,srad_v2,INTP_OP,EXECUTION_PIPELINE,0,332288
gto,1,4,0,1,2,8,8,1,srad_v2,INTP_OP,WRITEBACK,112,83184
gto,1,4,0,1,2,8,8,1,srad_v2,LOAD_OP,SCHEDULER,267180,665067
gto,1,4,0,1,2,8,8,1,srad_v2,LOAD_OP,OPERAND_COLLECTOR,80051,308327
gto,1,4,0,1,2,8,8,1,srad_v2,LOAD_OP,EXECUTION_PIPELINE,0,14105452
gto,1,4,0,1,2,8,8,1,srad_v2,LOAD_OP,WRITEBACK,0,0
gto,1,4,0,1,2,8,8,1,srad_v2,SFU_OP,SCHEDULER,20615,31052
gto,1,4,0,1,2,8,8,1,srad_v2,SFU_OP,OPERAND_COLLECTOR,3,24826
gto,1,4,0,1,2,8,8,1,srad_v2,SFU_OP,EXECUTION_PIPELINE,0,118294
gto,1,4,0,1,2,8,8,1,srad_v2,SFU_OP,WRITEBACK,15,5135
gto,1,4,0,1,2,8,8,1,srad_v2,SP_OP,SCHEDULER,683930,1047126
gto,1,4,0,1,2,8,8,1,srad_v2,SP_OP,OPERAND_COLLECTOR,0,164818
gto,1,4,0,1,2,8,8,1,srad_v2,SP_OP,EXECUTION_PIPELINE,0,182272
gto,1,4,0,1,2,8,8,1,srad_v2,SP_OP,WRITEBACK,299,45867
gto,1,4,0,1,2,8,8,1,streamcluster,ALU_OP,SCHEDULER,845827,2621324
gto,1,4,0,1,2,8,8,1,streamcluster,ALU_OP,OPERAND_COLLECTOR,0,243064
gto,1,4,0,1,2,8,8,1,streamcluster,ALU_OP,EXECUTION_PIPELINE,0,302640
gto,1,4,0,1,2,8,8,1,streamcluster,ALU_OP,WRITEBACK,0,75660
gto,1,4,0,1,2,8,8,1,streamcluster,INTP_OP,SCHEDULER,1520462,2626526
gto,1,4,0,1,2,8,8,1,streamcluster,INTP_OP,OPERAND_COLLECTOR,0,1204832
gto,1,4,0,1,2,8,8,1,streamcluster,INTP_OP,EXECUTION_PIPELINE,0,618800
gto,1,4,0,1,2,8,8,1,streamcluster,INTP_OP,WRITEBACK,0,154700
gto,1,4,0,1,2,8,8,1,streamcluster,LOAD_OP,SCHEDULER,3856677,8069374
gto,1,4,0,1,2,8,8,1,streamcluster,LOAD_OP,OPERAND_COLLECTOR,4578217,7936132
gto,1,4,0,1,2,8,8,1,streamcluster,LOAD_OP,EXECUTION_PIPELINE,0,254109317
gto,1,4,0,1,2,8,8,1,streamcluster,LOAD_OP,WRITEBACK,0,0
gto,1,4,0,1,2,8,8,1,streamcluster,SP_OP,SCHEDULER,5496705,6433420
gto,1,4,0,1,2,8,8,1,streamcluster,SP_OP,OPERAND_COLLECTOR,0,631438
gto,1,4,0,1,2,8,8,1,streamcluster,SP_OP,EXECUTION_PIPELINE,0,582400
gto,1,4,0,1,2,8,8,1,streamcluster,SP_OP,WRITEBACK,0,145600
gto,4,4,0,1,2,8,8,1,backprop,ALU_OP,SCHEDULER,6537903,9624340
gto,4,4,0,1,2,8,8,1,backprop,ALU_OP,OPERAND_COLLECTOR,146273,921779
gto,4,4,0,1,2,8,8,1,backprop,ALU_OP,EXECUTION_PIPELINE,0,278268
gto,4,4,0,1,2,8,8,1,backprop,ALU_OP,WRITEBACK,910,60309
gto,4,4,0,1,2,8,8,1,backprop,DP_OP,SCHEDULER,3171191,3204746
gto,4,4,0,1,2,8,8,1,backprop,DP_OP,OPERAND_COLLECTOR,3153787,3456940
gto,4,4,0,1,2,8,8,1,backprop,DP_OP,EXECUTION_PIPELINE,0,1826776
gto,4,4,0,1,2,8,8,1,backprop,DP_OP,WRITEBACK,0,14341
gto,4,4,0,1,2,8,8,1,backprop,INTP_OP,SCHEDULER,1218215,1739998
gto,4,4,0,1,2,8,8,1,backprop,INTP_OP,OPERAND_COLLECTOR,456281,820389
gto,4,4,0,1,2,8,8,1,backprop,INTP_OP,EXECUTION_PIPELINE,0,534989
gto,4,4,0,1,2,8,8,1,backprop,INTP_OP,WRITEBACK,566,111161
gto,4,4,0,1,2,8,8,1,backprop,LOAD_OP,SCHEDULER,253311,2123495
gto,4,4,0,1,2,8,8,1,backprop,LOAD_OP,OPERAND_COLLECTOR,690981,897744
gto,4,4,0,1,2,8,8,1,backprop,LOAD_OP,EXECUTION_PIPELINE,0,30894987
gto,4,4,0,1,2,8,8,1,backprop,LOAD_OP,WRITEBACK,0,0
gto,4,4,0,1,2,8,8,1,backprop,SFU_OP,SCHEDULER,4689,293550
gto,4,4,0,1,2,8,8,1,backprop,SFU_OP,OPERAND_COLLECTOR,1528,20042
gto,4,4,0,1,2,8,8,1,backprop,SFU_OP,EXECUTION_PIPELINE,0,198100
gto,4,4,0,1,2,8,8,1,backprop,SFU_OP,WRITEBACK,68,8260
gto,4,4,0,1,2,8,8,1,backprop,SP_OP,SCHEDULER,460682,480891
gto,4,4,0,1,2,8,8,1,backprop,SP_OP,OPERAND_COLLECTOR,862,24406
gto,4,4,0,1,2,8,8,1,backprop,SP_OP,EXECUTION_PIPELINE,0,40960
gto,4,4,0,1,2,8,8,1,backprop,SP_OP,WRITEBACK,677,10917
gto,4,4,0,1,2,8,8,1,bfs,ALU_OP,SCHEDULER,11267,264696
gto,4,4,0,1,2,8,8,1,bfs,ALU_OP,OPERAND_COLLECTOR,12164,31960
gto,4,4,0,1,2,8,8,1,bfs,ALU_OP,EXECUTION_PIPELINE,0,43625
gto,4,4,0,1,2,8,8,1,bfs,ALU_OP,WRITEBACK,0,8766
gto,4,4,0,1,2,8,8,1,bfs,INTP_OP,SCHEDULER,1486608,1996592
gto,4,4,0,1,2,8,8,1,bfs,INTP_OP,OPERAND_COLLECTOR,143779,341899
gto,4,4,0,1,2,8,8,1,bfs,INTP_OP,EXECUTION_PIPELINE,0,391334
gto,4,4,0,1,2,8,8,1,bfs,INTP_OP,WRITEBACK,0,84413
gto,4,4,0,1,2,8,8,1,bfs,LOAD_OP,SCHEDULER,63409,132706
gto,4,4,0,1,2,8,8,1,bfs,LOAD_OP,OPERAND_COLLECTOR,12971,45702
gto,4,4,0,1,2,8,8,1,bfs,LOAD_OP,EXECUTION_PIPELINE,0,5305866
gto,4,4,0,1,2,8,8,1,bfs,LOAD_OP,WRITEBACK,0,0
gto,4,4,0,1,2,8,8,1,heartwall,ALU_OP,SCHEDULER,90181,247247
gto,4,4,0,1,2,8,8,1,heartwall,ALU_OP,OPERAND_COLLECTOR,60483,116799
gto,4,4,0,1,2,8,8,1,heartwall,ALU_OP,EXECUTION_PIPELINE,0,110586
gto,4,4,0,1,2,8,8,1,heartwall,ALU_OP,WRITEBACK,146,23198
gto,4,4,0,1,2,8,8,1,heartwall,INTP_OP,SCHEDULER,932007,1666907
gto,4,4,0,1,2,8,8,1,heartwall,INTP_OP,OPERAND_COLLECTOR,250169,573485
gto,4,4,0,1,2,8,8,1,heartwall,INTP_OP,EXECUTION_PIPELINE,0,607334
gto,4,4,0,1,2,8,8,1,heartwall,INTP_OP,WRITEBACK,450,130296
gto,4,4,0,1,2,8,8,1,heartwall,LOAD_OP,SCHEDULER,160446,277014
gto,4,4,0,1,2,8,8,1,heartwall,LOAD_OP,OPERAND_COLLECTOR,3941,51014
gto,4,4,0,1,2,8,8,1,heartwall,LOAD_OP,EXECUTION_PIPELINE,0,9573783
gto,4,4,0,1,2,8,8,1,heartwall,LOAD_OP,WRITEBACK,0,0
gto,4,4,0,1,2,8,8,1,heartwall,SFU_OP,SCHEDULER,22020,31657
gto,4,4,0,1,2,8,8,1,heartwall,SFU_OP,OPERAND_COLLECTOR,41,5283
gto,4,4,0,1,2,8,8,1,heartwall,SFU_OP,EXECUTION_PIPELINE,0,57079
gto,4,4,0,1,2,8,8,1,heartwall,SFU_OP,WRITEBACK,6,2454
gto,4,4,0,1,2,8,8,1,hotspot,ALU_OP,SCHEDULER,1694106,1922701
gto,4,4,0,1,2,8,8,1,hotspot,ALU_OP,OPERAND_COLLECTOR,117927,400303
gto,4,4,0,1,2,8,8,1,hotspot,ALU_OP,EXECUTION_PIPELINE,0,539263
gto,4,4,0,1,2,8,8,1,hotspot,ALU_OP,WRITEBACK,507,119121
gto,4,4,0,1,2,8,8,1,hotspot,DP_OP,SCHEDULER,7005335,9978046
gto,4,4,0,1,2,8,8,1,hotspot,DP_OP,OPERAND_COLLECTOR,2241793,2458732
gto,4,4,0,1,2,8,8,1,hotspot,DP_OP,EXECUTION_PIPELINE,0,7960676
gto,4,4,0,1,2,8,8,1,hotspot,DP_OP,WRITEBACK,0,73871
gto,4,4,0,1,2,8,8,1,hotspot,INTP_OP,SCHEDULER,277270,1427424
gto,4,4,0,1,2,8,8,1,hotspot,INTP_OP,OPERAND_COLLECTOR,377000,864765
gto,4,4,0,1,2,8,8,1,hotspot,INTP_OP,EXECUTION_PIPELINE,0,934573
gto,4,4,0,1,2,8,8,1,hotspot,INTP_OP,WRITEBACK,1973,195822
gto,4,4,0,1,2,8,8,1,hotspot,LOAD_OP,SCHEDULER,144947,339299
gto,4,4,0,1,2,8,8,1,hotspot,LOAD_OP,OPERAND_COLLECTOR,290911,550106
gto,4,4,0,1,2,8,8,1,hotspot,LOAD_OP,EXECUTION_PIPELINE,0,13931333
gto,4,4,0,1,2,8,8,1,hotspot,LOAD_OP,WRITEBACK,0,0
gto,4,4,0,1,2,8,8,1,hotspot,SFU_OP,SCHEDULER,204,14540
gto,4,4,0,1,2,8,8,1,hotspot,SFU_OP,OPERAND_COLLECTOR,2258,32549
gto,4,4,0,1,2,8,8,1,hotspot,SFU_OP,EXECUTION_PIPELINE,0,352265
gto,4,4,0,1,2,8,8,1,hotspot,SFU_OP,WRITEBACK,16,14349
gto,4,4,0,1,2,8,8,1,hotspot,SP_OP,SCHEDULER,550571,960078
gto,4,4,0,1,2,8,8,1,hotspot,SP_OP,OPERAND_COLLECTOR,3458,198399
gto,4,4,0,1,2,8,8,1,hotspot,SP_OP,EXECUTION_PIPELINE,0,369552
gto,4,4,0,1,2,8,8,1,hotspot,SP_OP,WRITEBACK,5062,97450
gto,4,4,0,1,2,8,8,1,lud,ALU_OP,SCHEDULER,524,2712
gto,4,4,0,1,2,8,8,1,lud,ALU_OP,OPERAND_COLLECTOR,2544,5452
gto,4,4,0,1,2,8,8,1,lud,ALU_OP,EXECUTION_PIPELINE,0,6290
gto,4,4,0,1,2,8,8,1,lud,ALU_OP,WRITEBACK,0,1342
gto,4,4,0,1,2,8,8,1,lud,INTP_OP,SCHEDULER,10890,24680
gto,4,4,0,1,2,8,8,1,lud,INTP_OP,OPERAND_COLLECTOR,5397,20352
gto,4,4,0,1,2,8,8,1,lud,INTP_OP,EXECUTION_PIPELINE,0,29242
gto,4,4,0,1,2,8,8,1,lud,INTP_OP,WRITEBACK,0,6490
gto,4,4,0,1,2,8,8,1,lud,LOAD_OP,SCHEDULER,17392,57447
gto,4,4,0,1,2,8,8,1,lud,LOAD_OP,OPERAND_COLLECTOR,29402,54064
gto,4,4,0,1,2,8,8,1,lud,LOAD_OP,EXECUTION_PIPELINE,0,930082
gto,4,4,0,1,2,8,8,1,lud,LOAD_OP,WRITEBACK,0,0
gto,4,4,0,1,2,8,8,1,lud,SFU_OP,SCHEDULER,5920,6424
gto,4,4,0,1,2,8,8,1,lud,SFU_OP,OPERAND_COLLECTOR,0,312
gto,4,4,0,1,2,8,8,1,lud,SFU_OP,EXECUTION_PIPELINE,0,3588
gto,4,4,0,1,2,8,8,1,lud,SFU_OP,WRITEBACK,0,156
gto,4,4,0,1,2,8,8,1,lud,SP_OP,SCHEDULER,136061,151867
gto,4,4,0,1,2,8,8,1,lud,SP_OP,OPERAND_COLLECTOR,1,14569
gto,4,4,0,1,2,8,8,1,lud,SP_OP,EXECUTION_PIPELINE,0,20256
gto,4,4,0,1,2,8,8,1,lud,SP_OP,WRITEBACK,0,5064
gto,4,4,0,1,2,8,8,1,nn,ALU_OP,SCHEDULER,108587,473093
gto,4,4,0,1,2,8,8,1,nn,ALU_OP,OPERAND_COLLECTOR,76111,171955
gto,4,4,0,1,2,8,8,1,nn,ALU_OP,EXECUTION_PIPELINE,0,193665
gto,4,4,0,1,2,8,8,1,nn,ALU_OP,WRITEBACK,300,42166
gto,4,4,0,1,2,8,8,1,nn,INTP_OP,SCHEDULER,1218409,6057607
gto,4,4,0,1,2,8,8,1,nn,INTP_OP,OPERAND_COLLECTOR,217752,789304
gto,4,4,0,1,2,8,8,1,nn,INTP_OP,EXECUTION_PIPELINE,0,665499
gto,4,4,0,1,2,8,8,1,nn,INTP_OP,WRITEBACK,743,145104
gto,4,4,0,1,2,8,8,1,nn,LOAD_OP,SCHEDULER,3080172,4805133
gto,4,4,0,1,2,8,8,1,nn,LOAD_OP,OPERAND_COLLECTOR,19968165,23462446
gto,4,4,0,1,2,8,8,1,nn,LOAD_OP,EXECUTION_PIPELINE,0,223040407
gto,4,4,0,1,2,8,8,1,nn,LOAD_OP,WRITEBACK,0,0
gto,4,4,0,1,2,8,8,1,nn,SFU_OP,SCHEDULER,22469,37754
gto,4,4,0,1,2,8,8,1,nn,SFU_OP,OPERAND_COLLECTOR,274,9371
gto,4,4,0,1,2,8,8,1,nn,SFU_OP,EXECUTION_PIPELINE,0,86996
gto,4,4,0,1,2,8,8,1,nn,SFU_OP,WRITEBACK,1,3753
gto,4,4,0,1,2,8,8,1,nn,SPECIALIZED_UNIT_1_OP,SCHEDULER,7748,17113
gto,4,4,0,1,2,8,8,1,nn,SPECIALIZED_UNIT_1_OP,OPERAND_COLLECTOR,25176,38724
gto,4,4,0,1,2,8,8,1,nn,SPECIALIZED_UNIT_1_OP,EXECUTION_PIPELINE,0,38755
gto,4,4,0,1,2,8,8,1,nn,SPECIALIZED_UNIT_1_OP,WRITEBACK,4,4349
gto,4,4,0,1,2,8,8,1,nn,SP_OP,SCHEDULER,418224,772501
gto,4,4,0,1,2,8,8,1,nn,SP_OP,OPERAND_COLLECTOR,10020,364975
gto,4,4,0,1,2,8,8,1,nn,SP_OP,EXECUTION_PIPELINE,0,390208
gto,4,4,0,1,2,8,8,1,nn,SP_OP,WRITEBACK,7011,104563
gto,4,4,0,1,2,8,8,1,nw,ALU_OP,SCHEDULER,0,896
gto,4,4,0,1,2,8,8,1,nw,ALU_OP,OPERAND_COLLECTOR,0,1280
gto,4,4,0,1,2,8,8,1,nw,ALU_OP,EXECUTION_PIPELINE,0,3136
gto,4,4,0,1,2,8,8,1,nw,ALU_OP,WRITEBACK,0,640
gto,4,4,0,1,2,8,8,1,nw,INTP_OP,SCHEDULER,112471,181034
gto,4,4,0,1,2,8,8,1,nw,INTP_OP,OPERAND_COLLECTOR,1508,33090
gto,4,4,0,1,2,8,8,1,nw,INTP_OP,EXECUTION_PIPELINE,0,62888
gto,4,4,0,1,2,8,8,1,nw,INTP_OP,WRITEBACK,0,15128
gto,4,4,0,1,2,8,8,1,nw,LOAD_OP,SCHEDULER,8336,30988
gto,4,4,0,1,2,8,8,1,nw,LOAD_OP,OPERAND_COLLECTOR,7488,33728
gto,4,4,0,1,2,8,8,1,nw,LOAD_OP,EXECUTION_PIPELINE,0,2100561
gto,4,4,0,1,2,8,8,1,nw,LOAD_OP,WRITEBACK,0,0
gto,4,4,0,1,2,8,8,1,pathfinder,ALU_OP,SCHEDULER,2935,210619
gto,4,4,0,1,2,8,8,1,pathfinder,ALU_OP,OPERAND_COLLECTOR,2377,8307
gto,4,4,0,1,2,8,8,1,pathfinder,ALU_OP,EXECUTION_PIPELINE,0,11741
gto,4,4,0,1,2,8,8,1,pathfinder,ALU_OP,WRITEBACK,0,2600
gto,4,4,0,1,2,8,8,1,pathfinder,INTP_OP,SCHEDULER,347464,381144
gto,4,4,0,1,2,8,8,1,pathfinder,INTP_OP,OPERAND_COLLECTOR,14585,39897
gto,4,4,0,1,2,8,8,1,pathfinder,INTP_OP,EXECUTION_PIPELINE,0,51199
gto,4,4,0,1,2,8,8,1,pathfinder,INTP_OP,WRITEBACK,0,11008
gto,4,4,0,1,2,8,8,1,pathfinder,LOAD_OP,SCHEDULER,22415,35787
gto,4,4,0,1,2,8,8,1,pathfinder,LOAD_OP,OPERAND_COLLECTOR,14614,28243
gto,4,4,0,1,2,8,8,1,pathfinder,LOAD_OP,EXECUTION_PIPELINE,0,1852147
gto,4,4,0,1,2,8,8,1,pathfinder,LOAD_OP,WRITEBACK,0,0
gto,4,4,0,1,2,8,8,1,srad_v2,ALU_OP,SCHEDULER,620292,775670
gto,4,4,0,1,2,8,8,1,srad_v2,ALU_OP,OPERAND_COLLECTOR,40460,90306
gto,4,4,0,1,2,8,8,1,srad_v2,ALU_OP,EXECUTION_PIPELINE,0,97664
gto,4,4,0,1,2,8,8,1,srad_v2,ALU_OP,WRITEBACK,197,21957
gto,4,4,0,1,2,8,8,1,srad_v2,DP_OP,SCHEDULER,979816,1427529
gto,4,4,0,1,2,8,8,1,srad_v2,DP_OP,OPERAND_COLLECTOR,371461,403812
gto,4,4,0,1,2,8,8,1,srad_v2,DP_OP,EXECUTION_PIPELINE,0,1287359
gto,4,4,0,1,2,8,8,1,srad_v2,DP_OP,WRITEBACK,0,11264
gto,4,4,0,1,2,8,8,1,srad_v2,INTP_OP,SCHEDULER,257169,1138100
gto,4,4,0,1,2,8,8,1,srad_v2,INTP_OP,OPERAND_COLLECTOR,117830,328361
gto,4,4,0,1,2,8,8,1,srad_v2,INTP_OP,EXECUTION_PIPELINE,0,382552
gto,4,4,0,1,2,8,8,1,srad_v2,INTP_OP,WRITEBACK,167,83239
gto,4,4,0,1,2,8,8,1,srad_v2,LOAD_OP,SCHEDULER,312707,688856
gto,4,4,0,1,2,8,8,1,srad_v2,LOAD_OP,OPERAND_COLLECTOR,469959,643386
gto,4,4,0,1,2,8,8,1,srad_v2,LOAD_OP,EXECUTION_PIPELINE,0,14360157
gto,4,4,0,1,2,8,8,1,srad_v2,LOAD_OP,WRITEBACK,0,0
gto,4,4,0,1,2,8,8,1,srad_v2,SFU_OP,SCHEDULER,17674,25851
gto,4,4,0,1,2,8,8,1,srad_v2,SFU_OP,OPERAND_COLLECTOR,206,10933
gto,4,4,0,1,2,8,8,1,srad_v2,SFU_OP,EXECUTION_PIPELINE,0,118962
gto,4,4,0,1,2,8,8,1,srad_v2,SFU_OP,WRITEBACK,9,5129
gto,4,4,0,1,2,8,8,1,srad_v2,SP_OP,SCHEDULER,707306,1051220
gto,4,4,0,1,2,8,8,1,srad_v2,SP_OP,OPERAND_COLLECTOR,2008,107322
gto,4,4,0,1,2,8,8,1,srad_v2,SP_OP,EXECUTION_PIPELINE,0,182272
gto,4,4,0,1,2,8,8,1,srad_v2,SP_OP,WRITEBACK,1524,47092
gto,4,4,0,1,2,8,8,1,streamcluster,ALU_OP,SCHEDULER,1133937,2796393
gto,4,4,0,1,2,8,8,1,streamcluster,ALU_OP,OPERAND_COLLECTOR,206503,390624
gto,4,4,0,1,2,8,8,1,streamcluster,ALU_OP,EXECUTION_PIPELINE,0,360475
gto,4,4,0,1,2,8,8,1,streamcluster,ALU_OP,WRITEBACK,1,75661
gto,4,4,0,1,2,8,8,1,streamcluster,INTP_OP,SCHEDULER,3127588,4622646
gto,4,4,0,1,2,8,8,1,streamcluster,INTP_OP,OPERAND_COLLECTOR,189544,1419374
gto,4,4,0,1,2,8,8,1,streamcluster,INTP_OP,EXECUTION_PIPELINE,0,698228
gto,4,4,0,1,2,8,8,1,streamcluster,INTP_OP,WRITEBACK,91,154791
gto,4,4,0,1,2,8,8,1,streamcluster,LOAD_OP,SCHEDULER,4518667,12430383
gto,4,4,0,1,2,8,8,1,streamcluster,LOAD_OP,OPERAND_COLLECTOR,38930442,43393316
gto,4,4,0,1,2,8,8,1,streamcluster,LOAD_OP,EXECUTION_PIPELINE,0,228913616
gto,4,4,0,1,2,8,8,1,streamcluster,LOAD_OP,WRITEBACK,0,0
gto,4,4,0,1,2,8,8,1,streamcluster,SP_OP,SCHEDULER,5554304,6677096
gto,4,4,0,1,2,8,8,1,streamcluster,SP_OP,OPERAND_COLLECTOR,13999,424110
gto,4,4,0,1,2,8,8,1,streamcluster,SP_OP,EXECUTION_PIPELINE,0,582400
gto,4,4,0,1,2,8,8,1,streamcluster,SP_OP,WRITEBACK,5668,151268
lrr,2,4,0,1,2,8,8,1,backprop,ALU_OP,SCHEDULER,8675898,12152763
lrr,2,4,0,1,2,8,8,1,backprop,ALU_OP,OPERAND_COLLECTOR,23163,982085
lrr,2,4,0,1,2,8,8,1,backprop,ALU_OP,EXECUTION_PIPELINE,0,277904
lrr,2,4,0,1,2,8,8,1,backprop,ALU_OP,WRITEBACK,856,60255
lrr,2,4,0,1,2,8,8,1,backprop,DP_OP,SCHEDULER,2101712,2121389
lrr,2,4,0,1,2,8,8,1,backprop,DP_OP,OPERAND_COLLECTOR,1595071,2003188
lrr,2,4,0,1,2,8,8,1,backprop,DP_OP,EXECUTION_PIPELINE,0,1818900
lrr,2,4,0,1,2,8,8,1,backprop,DP_OP,WRITEBACK,0,14341
lrr,2,4,0,1,2,8,8,1,backprop,INTP_OP,SCHEDULER,2101047,3095941
lrr,2,4,0,1,2,8,8,1,backprop,INTP_OP,OPERAND_COLLECTOR,159582,572564
lrr,2,4,0,1,2,8,8,1,backprop,INTP_OP,EXECUTION_PIPELINE,0,531033
lrr,2,4,0,1,2,8,8,1,backprop,INTP_OP,WRITEBACK,513,111108
lrr,2,4,0,1,2,8,8,1,backprop,LOAD_OP,SCHEDULER,263740,1295383
lrr,2,4,0,1,2,8,8,1,backprop,LOAD_OP,OPERAND_COLLECTOR,412323,679223
lrr,2,4,0,1,2,8,8,1,backprop,LOAD_OP,EXECUTION_PIPELINE,0,32593490
lrr,2,4,0,1,2,8,8,1,backprop,LOAD_OP,WRITEBACK,0,0
lrr,2,4,0,1,2,8,8,1,backprop,SFU_OP,SCHEDULER,348,74669
lrr,2,4,0,1,2,8,8,1,backprop,SFU_OP,OPERAND_COLLECTOR,10636,28753
lrr,2,4,0,1,2,8,8,1,backprop,SFU_OP,EXECUTION_PIPELINE,0,213696
lrr,2,4,0,1,2,8,8,1,backprop,SFU_OP,WRITEBACK,5,8197
lrr,2,4,0,1,2,8,8,1,backprop,SP_OP,SCHEDULER,426502,467202
lrr,2,4,0,1,2,8,8,1,backprop,SP_OP,OPERAND_COLLECTOR,54,30711
lrr,2,4,0,1,2,8,8,1,backprop,SP_OP,EXECUTION_PIPELINE,0,40960
lrr,2,4,0,1,2,8,8,1,backprop,SP_OP,WRITEBACK,18,10258
lrr,2,4,0,1,2,8,8,1,bfs,ALU_OP,SCHEDULER,28855,274048
lrr,2,4,0,1,2,8,8,1,bfs,ALU_OP,OPERAND_COLLECTOR,1094,24371
lrr,2,4,0,1,2,8,8,1,bfs,ALU_OP,EXECUTION_PIPELINE,0,43509
lrr,2,4,0,1,2,8,8,1,bfs,ALU_OP,WRITEBACK,0,8766
lrr,2,4,0,1,2,8,8,1,bfs,INTP_OP,SCHEDULER,1492559,2039408
lrr,2,4,0,1,2,8,8,1,bfs,INTP_OP,OPERAND_COLLECTOR,69519,292348
lrr,2,4,0,1,2,8,8,1,bfs,INTP_OP,EXECUTION_PIPELINE,0,388774
lrr,2,4,0,1,2,8,8,1,bfs,INTP_OP,WRITEBACK,0,84413
lrr,2,4,0,1,2,8,8,1,bfs,LOAD_OP,SCHEDULER,62580,131252
lrr,2,4,0,1,2,8,8,1,bfs,LOAD_OP,OPERAND_COLLECTOR,6603,40270
lrr,2,4,0,1,2,8,8,1,bfs,LOAD_OP,EXECUTION_PIPELINE,0,5308408
lrr,2,4,0,1,2,8,8,1,bfs,LOAD_OP,WRITEBACK,0,0
lrr,2,4,0,1,2,8,8,1,heartwall,ALU_OP,SCHEDULER,113996,261372
lrr,2,4,0,1,2,8,8,1,heartwall,ALU_OP,OPERAND_COLLECTOR,13064,75648
lrr,2,4,0,1,2,8,8,1,heartwall,ALU_OP,EXECUTION_PIPELINE,0,110367
lrr,2,4,0,1,2,8,8,1,heartwall,ALU_OP,WRITEBACK,59,23111
lrr,2,4,0,1,2,8,8,1,heartwall,INTP_OP,SCHEDULER,945192,1715277
lrr,2,4,0,1,2,8,8,1,heartwall,INTP_OP,OPERAND_COLLECTOR,101583,458187
lrr,2,4,0,1,2,8,8,1,heartwall,INTP_OP,EXECUTION_PIPELINE,0,604109
lrr,2,4,0,1,2,8,8,1,heartwall,INTP_OP,WRITEBACK,486,130332
lrr,2,4,0,1,2,8,8,1,heartwall,LOAD_OP,SCHEDULER,152060,268039
lrr,2,4,0,1,2,8,8,1,heartwall,LOAD_OP,OPERAND_COLLECTOR,7836,58041
lrr,2,4,0,1,2,8,8,1,heartwall,LOAD_OP,EXECUTION_PIPELINE,0,9493798
lrr,2,4,0,1,2,8,8,1,heartwall,LOAD_OP,WRITEBACK,0,0
lrr,2,4,0,1,2,8,8,1,heartwall,SFU_OP,SCHEDULER,18712,27492
lrr,2,4,0,1,2,8,8,1,heartwall,SFU_OP,OPERAND_COLLECTOR,51,5180
lrr,2,4,0,1,2,8,8,1,heartwall,SFU_OP,EXECUTION_PIPELINE,0,56931
lrr,2,4,0,1,2,8,8,1,heartwall,SFU_OP,WRITEBACK,0,2448
lrr,2,4,0,1,2,8,8,1,hotspot,ALU_OP,SCHEDULER,1769635,2068026
lrr,2,4,0,1,2,8,8,1,hotspot,ALU_OP,OPERAND_COLLECTOR,22144,675785
lrr,2,4,0,1,2,8,8,1,hotspot,ALU_OP,EXECUTION_PIPELINE,0,533923
lrr,2,4,0,1,2,8,8,1,hotspot,ALU_OP,WRITEBACK,531,119145
lrr,2,4,0,1,2,8,8,1,hotspot,DP_OP,SCHEDULER,6780645,9750609
lrr,2,4,0,1,2,8,8,1,hotspot,DP_OP,OPERAND_COLLECTOR,1809637,2146331
lrr,2,4,0,1,2,8,8,1,hotspot,DP_OP,EXECUTION_PIPELINE,0,7843400
lrr,2,4,0,1,2,8,8,1,hotspot,DP_OP,WRITEBACK,0,73871
lrr,2,4,0,1,2,8,8,1,hotspot,INTP_OP,SCHEDULER,268775,1421337
lrr,2,4,0,1,2,8,8,1,hotspot,INTP_OP,OPERAND_COLLECTOR,105152,625643
lrr,2,4,0,1,2,8,8,1,hotspot,INTP_OP,EXECUTION_PIPELINE,0,901299
lrr,2,4,0,1,2,8,8,1,hotspot,INTP_OP,WRITEBACK,2800,196649
lrr,2,4,0,1,2,8,8,1,hotspot,LOAD_OP,SCHEDULER,158451,397743
lrr,2,4,0,1,2,8,8,1,hotspot,LOAD_OP,OPERAND_COLLECTOR,199374,515523
lrr,2,4,0,1,2,8,8,1,hotspot,LOAD_OP,EXECUTION_PIPELINE,0,13534409
lrr,2,4,0,1,2,8,8,1,hotspot,LOAD_OP,WRITEBACK,0,0
lrr,2,4,0,1,2,8,8,1,hotspot,SFU_OP,SCHEDULER,18,14354
lrr,2,4,0,1,2,8,8,1,hotspot,SFU_OP,OPERAND_COLLECTOR,1668,33281
lrr,2,4,0,1,2,8,8,1,hotspot,SFU_OP,EXECUTION_PIPELINE,0,342339
lrr,2,4,0,1,2,8,8,1,hotspot,SFU_OP,WRITEBACK,2,14338
lrr,2,4,0,1,2,8,8,1,hotspot,SP_OP,SCHEDULER,524112,934323
lrr,2,4,0,1,2,8,8,1,hotspot,SP_OP,OPERAND_COLLECTOR,2754,216374
lrr,2,4,0,1,2,8,8,1,hotspot,SP_OP,EXECUTION_PIPELINE,0,369552
lrr,2,4,0,1,2,8,8,1,hotspot,SP_OP,WRITEBACK,2899,95287
lrr,2,4,0,1,2,8,8,1,lud,ALU_OP,SCHEDULER,678,2880
lrr,2,4,0,1,2,8,8,1,lud,ALU_OP,OPERAND_COLLECTOR,784,3816
lrr,2,4,0,1,2,8,8,1,lud,ALU_OP,EXECUTION_PIPELINE,0,6278
lrr,2,4,0,1,2,8,8,1,lud,ALU_OP,WRITEBACK,0,1342
lrr,2,4,0,1,2,8,8,1,lud,INTP_OP,SCHEDULER,10820,25836
lrr,2,4,0,1,2,8,8,1,lud,INTP_OP,OPERAND_COLLECTOR,2692,18987
lrr,2,4,0,1,2,8,8,1,lud,INTP_OP,EXECUTION_PIPELINE,0,28683
lrr,2,4,0,1,2,8,8,1,lud,INTP_OP,WRITEBACK,0,6490
lrr,2,4,0,1,2,8,8,1,lud,LOAD_OP,SCHEDULER,18800,59894
lrr,2,4,0,1,2,8,8,1,lud,LOAD_OP,OPERAND_COLLECTOR,28635,55394
lrr,2,4,0,1,2,8,8,1,lud,LOAD_OP,EXECUTION_PIPELINE,0,931246
lrr,2,4,0,1,2,8,8,1,lud,LOAD_OP,WRITEBACK,0,0
lrr,2,4,0,1,2,8,8,1,lud,SFU_OP,SCHEDULER,5880,6400
lrr,2,4,0,1,2,8,8,1,lud,SFU_OP,OPERAND_COLLECTOR,0,312
lrr,2,4,0,1,2,8,8,1,lud,SFU_OP,EXECUTION_PIPELINE,0,3588
lrr,2,4,0,1,2,8,8,1,lud,SFU_OP,WRITEBACK,0,156
lrr,2,4,0,1,2,8,8,1,lud,SP_OP,SCHEDULER,131589,149200
lrr,2,4,0,1,2,8,8,1,lud,SP_OP,OPERAND_COLLECTOR,1,15373
lrr,2,4,0,1,2,8,8,1,lud,SP_OP,EXECUTION_PIPELINE,0,20256
lrr,2,4,0,1,2,8,8,1,lud,SP_OP,WRITEBACK,0,5064
lrr,2,4,0,1,2,8,8,1,nn,ALU_OP,SCHEDULER,135920,823102
lrr,2,4,0,1,2,8,8,1,nn,ALU_OP,OPERAND_COLLECTOR,9356,119456
lrr,2,4,0,1,2,8,8,1,nn,ALU_OP,EXECUTION_PIPELINE,0,188826
lrr,2,4,0,1,2,8,8,1,nn,ALU_OP,WRITEBACK,252,42118
lrr,2,4,0,1,2,8,8,1,nn,INTP_OP,SCHEDULER,1925415,6489166
lrr,2,4,0,1,2,8,8,1,nn,INTP_OP,OPERAND_COLLECTOR,74666,743889
lrr,2,4,0,1,2,8,8,1,nn,INTP_OP,EXECUTION_PIPELINE,0,645132
lrr,2,4,0,1,2,8,8,1,nn,INTP_OP,WRITEBACK,722,145083
lrr,2,4,0,1,2,8,8,1,nn,LOAD_OP,SCHEDULER,2860293,4179775
lrr,2,4,0,1,2,8,8,1,nn,LOAD_OP,OPERAND_COLLECTOR,7535778,11752504
lrr,2,4,0,1,2,8,8,1,nn,LOAD_OP,EXECUTION_PIPELINE,0,216957617
lrr,2,4,0,1,2,8,8,1,nn,LOAD_OP,WRITEBACK,0,0
lrr,2,4,0,1,2,8,8,1,nn,SFU_OP,SCHEDULER,22701,37750
lrr,2,4,0,1,2,8,8,1,nn,SFU_OP,OPERAND_COLLECTOR,170,10483
lrr,2,4,0,1,2,8,8,1,nn,SFU_OP,EXECUTION_PIPELINE,0,87144
lrr,2,4,0,1,2,8,8,1,nn,SFU_OP,WRITEBACK,0,3752
lrr,2,4,0,1,2,8,8,1,nn,SPECIALIZED_UNIT_1_OP,SCHEDULER,15506,25071
lrr,2,4,0,1,2,8,8,1,nn,SPECIALIZED_UNIT_1_OP,OPERAND_COLLECTOR,6317,23000
lrr,2,4,0,1,2,8,8,1,nn,SPECIALIZED_UNIT_1_OP,EXECUTION_PIPELINE,0,38285
lrr,2,4,0,1,2,8,8,1,nn,SPECIALIZED_UNIT_1_OP,WRITEBACK,0,4346
lrr,2,4,0,1,2,8,8,1,nn,SP_OP,SCHEDULER,325319,675644
lrr,2,4,0,1,2,8,8,1,nn,SP_OP,OPERAND_COLLECTOR,5506,272138
lrr,2,4,0,1,2,8,8,1,nn,SP_OP,EXECUTION_PIPELINE,0,390208
lrr,2,4,0,1,2,8,8,1,nn,SP_OP,WRITEBACK,5479,103031
lrr,2,4,0,1,2,8,8,1,nw,ALU_OP,SCHEDULER,64,960
lrr,2,4,0,1,2,8,8,1,nw,ALU_OP,OPERAND_COLLECTOR,0,1344
lrr,2,4,0,1,2,8,8,1,nw,ALU_OP,EXECUTION_PIPELINE,0,3136
lrr,2,4,0,1,2,8,8,1,nw,ALU_OP,WRITEBACK,0,640
lrr,2,4,0,1,2,8,8,1,nw,INTP_OP,SCHEDULER,110798,179046
lrr,2,4,0,1,2,8,8,1,nw,INTP_OP,OPERAND_COLLECTOR,902,32684
lrr,2,4,0,1,2,8,8,1,nw,INTP_OP,EXECUTION_PIPELINE,0,62740
lrr,2,4,0,1,2,8,8,1,nw,INTP_OP,WRITEBACK,0,15128
lrr,2,4,0,1,2,8,8,1,nw,LOAD_OP,SCHEDULER,13200,37772
lrr,2,4,0,1,2,8,8,1,nw,LOAD_OP,OPERAND_COLLECTOR,5760,37028
lrr,2,4,0,1,2,8,8,1,nw,LOAD_OP,EXECUTION_PIPELINE,0,2099356
lrr,2,4,0,1,2,8,8,1,nw,LOAD_OP,WRITEBACK,0,0
lrr,2,4,0,1,2,8,8,1,pathfinder,ALU_OP,SCHEDULER,2642,210454
lrr,2,4,0,1,2,8,8,1,pathfinder,ALU_OP,OPERAND_COLLECTOR,1330,7400
lrr,2,4,0,1,2,8,8,1,pathfinder,ALU_OP,EXECUTION_PIPELINE,0,11645
lrr,2,4,0,1,2,8,8,1,pathfinder,ALU_OP,WRITEBACK,0,2600
lrr,2,4,0,1,2,8,8,1,pathfinder,INTP_OP,SCHEDULER,348661,382625
lrr,2,4,0,1,2,8,8,1,pathfinder,INTP_OP,OPERAND_COLLECTOR,6587,35563
lrr,2,4,0,1,2,8,8,1,pathfinder,INTP_OP,EXECUTION_PIPELINE,0,50491
lrr,2,4,0,1,2,8,8,1,pathfinder,INTP_OP,WRITEBACK,0,11008
lrr,2,4,0,1,2,8,8,1,pathfinder,LOAD_OP,SCHEDULER,18848,33837
lrr,2,4,0,1,2,8,8,1,pathfinder,LOAD_OP,OPERAND_COLLECTOR,14265,29597
lrr,2,4,0,1,2,8,8,1,pathfinder,LOAD_OP,EXECUTION_PIPELINE,0,1845521
lrr,2,4,0,1,2,8,8,1,pathfinder,LOAD_OP,WRITEBACK,0,0
lrr,2,4,0,1,2,8,8,1,srad_v2,ALU_OP,SCHEDULER,628633,791905
lrr,2,4,0,1,2,8,8,1,srad_v2,ALU_OP,OPERAND_COLLECTOR,7592,91401
lrr,2,4,0,1,2,8,8,1,srad_v2,ALU_OP,EXECUTION_PIPELINE,0,96163
lrr,2,4,0,1,2,8,8,1,srad_v2,ALU_OP,WRITEBACK,121,21881
lrr,2,4,0,1,2,8,8,1,srad_v2,DP_OP,SCHEDULER,950064,1428587
lrr,2,4,0,1,2,8,8,1,srad_v2,DP_OP,OPERAND_COLLECTOR,345175,392649
lrr,2,4,0,1,2,8,8,1,srad_v2,DP_OP,EXECUTION_PIPELINE,0,1291136
lrr,2,4,0,1,2,8,8,1,srad_v2,DP_OP,WRITEBACK,0,11264
lrr,2,4,0,1,2,8,8,1,srad_v2,INTP_OP,SCHEDULER,309077,1240867
lrr,2,4,0,1,2,8,8,1,srad_v2,INTP_OP,OPERAND_COLLECTOR,36077,289670
lrr,2,4,0,1,2,8,8,1,srad_v2,INTP_OP,EXECUTION_PIPELINE,0,374609
lrr,2,4,0,1,2,8,8,1,srad_v2,INTP_OP,WRITEBACK,192,83264
lrr,2,4,0,1,2,8,8,1,srad_v2,LOAD_OP,SCHEDULER,281084,663760
lrr,2,4,0,1,2,8,8,1,srad_v2,LOAD_OP,OPERAND_COLLECTOR,217384,396590
lrr,2,4,0,1,2,8,8,1,srad_v2,LOAD_OP,EXECUTION_PIPELINE,0,14366335
lrr,2,4,0,1,2,8,8,1,srad_v2,LOAD_OP,WRITEBACK,0,0
lrr,2,4,0,1,2,8,8,1,srad_v2,SFU_OP,SCHEDULER,18264,26653
lrr,2,4,0,1,2,8,8,1,srad_v2,SFU_OP,OPERAND_COLLECTOR,186,21002
lrr,2,4,0,1,2,8,8,1,srad_v2,SFU_OP,EXECUTION_PIPELINE,0,119638
lrr,2,4,0,1,2,8,8,1,srad_v2,SFU_OP,WRITEBACK,15,5135
lrr,2,4,0,1,2,8,8,1,srad_v2,SP_OP,SCHEDULER,692062,1051196
lrr,2,4,0,1,2,8,8,1,srad_v2,SP_OP,OPERAND_COLLECTOR,870,119735
lrr,2,4,0,1,2,8,8,1,srad_v2,SP_OP,EXECUTION_PIPELINE,0,182272
lrr,2,4,0,1,2,8,8,1,srad_v2,SP_OP,WRITEBACK,1046,46614
lrr,2,4,0,1,2,8,8,1,streamcluster,ALU_OP,SCHEDULER,1160978,2903600
lrr,2,4,0,1,2,8,8,1,streamcluster,ALU_OP,OPERAND_COLLECTOR,66314,267187
lrr,2,4,0,1,2,8,8,1,streamcluster,ALU_OP,EXECUTION_PIPELINE,0,351815
lrr,2,4,0,1,2,8,8,1,streamcluster,ALU_OP,WRITEBACK,38,75698
lrr,2,4,0,1,2,8,8,1,streamcluster,INTP_OP,SCHEDULER,3153456,4434927
lrr,2,4,0,1,2,8,8,1,streamcluster,INTP_OP,OPERAND_COLLECTOR,56282,1344013
lrr,2,4,0,1,2,8,8,1,streamcluster,INTP_OP,EXECUTION_PIPELINE,0,682096
lrr,2,4,0,1,2,8,8,1,streamcluster,INTP_OP,WRITEBACK,2,154702
lrr,2,4,0,1,2,8,8,1,streamcluster,LOAD_OP,SCHEDULER,4887372,12414308
lrr,2,4,0,1,2,8,8,1,streamcluster,LOAD_OP,OPERAND_COLLECTOR,20254901,26441083
lrr,2,4,0,1,2,8,8,1,streamcluster,LOAD_OP,EXECUTION_PIPELINE,0,231890262
lrr,2,4,0,1,2,8,8,1,streamcluster,LOAD_OP,WRITEBACK,0,0
lrr,2,4,0,1,2,8,8,1,streamcluster,SP_OP,SCHEDULER,5202846,6155714
lrr,2,4,0,1,2,8,8,1,streamcluster,SP_OP,OPERAND_COLLECTOR,736,440337
lrr,2,4,0,1,2,8,8,1,streamcluster,SP_OP,EXECUTION_PIPELINE,0,582400
lrr,2,4,0,1,2,8,8,1,streamcluster,SP_OP,WRITEBACK,3236,148836
gto,3,4,0,1,2,8,8,1,backprop,ALU_OP,SCHEDULER,6896413,9569375
gto,3,4,0,1,2,8,8,1,backprop,ALU_OP,OPERAND_COLLECTOR,104171,902705
gto,3,4,0,1,2,8,8,1,backprop,ALU_OP,EXECUTION_PIPELINE,0,276927
gto,3,4,0,1,2,8,8,1,backprop,ALU_OP,WRITEBACK,850,60249
gto,3,4,0,1,2,8,8,1,backprop,DP_OP,SCHEDULER,2505587,2544159
gto,3,4,0,1,2,8,8,1,backprop,DP_OP,OPERAND_COLLECTOR,2368720,2677744
gto,3,4,0,1,2,8,8,1,backprop,DP_OP,EXECUTION_PIPELINE,0,1825993
gto,3,4,0,1,2,8,8,1,backprop,DP_OP,WRITEBACK,0,14341
gto,3,4,0,1,2,8,8,1,backprop,INTP_OP,SCHEDULER,1073308,1548488
gto,3,4,0,1,2,8,8,1,backprop,INTP_OP,OPERAND_COLLECTOR,251470,620804
gto,3,4,0,1,2,8,8,1,backprop,INTP_OP,EXECUTION_PIPELINE,0,531935
gto,3,4,0,1,2,8,8,1,backprop,INTP_OP,WRITEBACK,730,111325
gto,3,4,0,1,2,8,8,1,backprop,LOAD_OP,SCHEDULER,239492,2249166
gto,3,4,0,1,2,8,8,1,backprop,LOAD_OP,OPERAND_COLLECTOR,487791,697858
gto,3,4,0,1,2,8,8,1,backprop,LOAD_OP,EXECUTION_PIPELINE,0,30523883
gto,3,4,0,1,2,8,8,1,backprop,LOAD_OP,WRITEBACK,0,0
gto,3,4,0,1,2,8,8,1,backprop,SFU_OP,SCHEDULER,932,325769
gto,3,4,0,1,2,8,8,1,backprop,SFU_OP,OPERAND_COLLECTOR,1017,19433
gto,3,4,0,1,2,8,8,1,backprop,SFU_OP,EXECUTION_PIPELINE,0,197766
gto,3,4,0,1,2,8,8,1,backprop,SFU_OP,WRITEBACK,2,8194
gto,3,4,0,1,2,8,8,1,backprop,SP_OP,SCHEDULER,439149,459567
gto,3,4,0,1,2,8,8,1,backprop,SP_OP,OPERAND_COLLECTOR,205,24235
gto,3,4,0,1,2,8,8,1,backprop,SP_OP,EXECUTION_PIPELINE,0,40960
gto,3,4,0,1,2,8,8,1,backprop,SP_OP,WRITEBACK,566,10806
gto,3,4,0,1,2,8,8,1,bfs,ALU_OP,SCHEDULER,11235,265223
gto,3,4,0,1,2,8,8,1,bfs,ALU_OP,OPERAND_COLLECTOR,14618,35624
gto,3,4,0,1,2,8,8,1,bfs,ALU_OP,EXECUTION_PIPELINE,0,43627
gto,3,4,0,1,2,8,8,1,bfs,ALU_OP,WRITEBACK,0,8766
gto,3,4,0,1,2,8,8,1,bfs,INTP_OP,SCHEDULER,1481375,1998245
gto,3,4,0,1,2,8,8,1,bfs,INTP_OP,OPERAND_COLLECTOR,94678,300510
gto,3,4,0,1,2,8,8,1,bfs,INTP_OP,EXECUTION_PIPELINE,0,389852
gto,3,4,0,1,2,8,8,1,bfs,INTP_OP,WRITEBACK,0,84413
gto,3,4,0,1,2,8,8,1,bfs,LOAD_OP,SCHEDULER,67426,135827
gto,3,4,0,1,2,8,8,1,bfs,LOAD_OP,OPERAND_COLLECTOR,7396,40789
gto,3,4,0,1,2,8,8,1,bfs,LOAD_OP,EXECUTION_PIPELINE,0,5295179
gto,3,4,0,1,2,8,8,1,bfs,LOAD_OP,WRITEBACK,0,0
gto,3,4,0,1,2,8,8,1,heartwall,ALU_OP,SCHEDULER,96276,255653
gto,3,4,0,1,2,8,8,1,heartwall,ALU_OP,OPERAND_COLLECTOR,44526,103514
gto,3,4,0,1,2,8,8,1,heartwall,ALU_OP,EXECUTION_PIPELINE,0,110395
gto,3,4,0,1,2,8,8,1,heartwall,ALU_OP,WRITEBACK,230,23282
gto,3,4,0,1,2,8,8,1,heartwall,INTP_OP,SCHEDULER,919888,1666850
gto,3,4,0,1,2,8,8,1,heartwall,INTP_OP,OPERAND_COLLECTOR,188691,521612
gto,3,4,0,1,2,8,8,1,heartwall,INTP_OP,EXECUTION_PIPELINE,0,606246
gto,3,4,0,1,2,8,8,1,heartwall,INTP_OP,WRITEBACK,406,130252
gto,3,4,0,1,2,8,8,1,heartwall,LOAD_OP,SCHEDULER,162645,282627
gto,3,4,0,1,2,8,8,1,heartwall,LOAD_OP,OPERAND_COLLECTOR,1153,48884
gto,3,4,0,1,2,8,8,1,heartwall,LOAD_OP,EXECUTION_PIPELINE,0,9651663
gto,3,4,0,1,2,8,8,1,heartwall,LOAD_OP,WRITEBACK,0,0
gto,3,4,0,1,2,8,8,1,heartwall,SFU_OP,SCHEDULER,22782,33195
gto,3,4,0,1,2,8,8,1,heartwall,SFU_OP,OPERAND_COLLECTOR,1,5007
gto,3,4,0,1,2,8,8,1,heartwall,SFU_OP,EXECUTION_PIPELINE,0,57222
gto,3,4,0,1,2,8,8,1,heartwall,SFU_OP,WRITEBACK,0,2448
gto,3,4,0,1,2,8,8,1,hotspot,ALU_OP,SCHEDULER,1711761,1947425
gto,3,4,0,1,2,8,8,1,hotspot,ALU_OP,OPERAND_COLLECTOR,80256,477736
gto,3,4,0,1,2,8,8,1,hotspot,ALU_OP,EXECUTION_PIPELINE,0,538354
gto,3,4,0,1,2,8,8,1,hotspot,ALU_OP,WRITEBACK,534,119148
gto,3,4,0,1,2,8,8,1,hotspot,DP_OP,SCHEDULER,6861672,9802091
gto,3,4,0,1,2,8,8,1,hotspot,DP_OP,OPERAND_COLLECTOR,2243015,2514254
gto,3,4,0,1,2,8,8,1,hotspot,DP_OP,EXECUTION_PIPELINE,0,7909453
gto,3,4,0,1,2,8,8,1,hotspot,DP_OP,WRITEBACK,0,73871
gto,3,4,0,1,2,8,8,1,hotspot,INTP_OP,SCHEDULER,268072,1379822
gto,3,4,0,1,2,8,8,1,hotspot,INTP_OP,OPERAND_COLLECTOR,295913,800605
gto,3,4,0,1,2,8,8,1,hotspot,INTP_OP,EXECUTION_PIPELINE,0,930151
gto,3,4,0,1,2,8,8,1,hotspot,INTP_OP,WRITEBACK,2681,196530
gto,3,4,0,1,2,8,8,1,hotspot,LOAD_OP,SCHEDULER,160695,362792
gto,3,4,0,1,2,8,8,1,hotspot,LOAD_OP,OPERAND_COLLECTOR,208007,472722
gto,3,4,0,1,2,8,8,1,hotspot,LOAD_OP,EXECUTION_PIPELINE,0,13475283
gto,3,4,0,1,2,8,8,1,hotspot,LOAD_OP,WRITEBACK,0,0
gto,3,4,0,1,2,8,8,1,hotspot,SFU_OP,SCHEDULER,169,14505
gto,3,4,0,1,2,8,8,1,hotspot,SFU_OP,OPERAND_COLLECTOR,1302,32541
gto,3,4,0,1,2,8,8,1,hotspot,SFU_OP,EXECUTION_PIPELINE,0,352282
gto,3,4,0,1,2,8,8,1,hotspot,SFU_OP,WRITEBACK,37,14340
gto,3,4,0,1,2,8,8,1,hotspot,SP_OP,SCHEDULER,545237,950049
gto,3,4,0,1,2,8,8,1,hotspot,SP_OP,OPERAND_COLLECTOR,2461,200554
gto,3,4,0,1,2,8,8,1,hotspot,SP_OP,EXECUTION_PIPELINE,0,369552
gto,3,4,0,1,2,8,8,1,hotspot,SP_OP,WRITEBACK,4121,96509
gto,3,4,0,1,2,8,8,1,lud,ALU_OP,SCHEDULER,692,2888
gto,3,4,0,1,2,8,8,1,lud,ALU_OP,OPERAND_COLLECTOR,1816,4836
gto,3,4,0,1,2,8,8,1,lud,ALU_OP,EXECUTION_PIPELINE,0,6302
gto,3,4,0,1,2,8,8,1,lud,ALU_OP,WRITEBACK,0,1342
gto,3,4,0,1,2,8,8,1,lud,INTP_OP,SCHEDULER,10780,25588
gto,3,4,0,1,2,8,8,1,lud,INTP_OP,OPERAND_COLLECTOR,3904,19493
gto,3,4,0,1,2,8,8,1,lud,INTP_OP,EXECUTION_PIPELINE,0,29291
gto,3,4,0,1,2,8,8,1,lud,INTP_OP,WRITEBACK,0,6490
gto,3,4,0,1,2,8,8,1,lud,LOAD_OP,SCHEDULER,21330,54784
gto,3,4,0,1,2,8,8,1,lud,LOAD_OP,OPERAND_COLLECTOR,30137,56358
gto,3,4,0,1,2,8,8,1,lud,LOAD_OP,EXECUTION_PIPELINE,0,934574
gto,3,4,0,1,2,8,8,1,lud,LOAD_OP,WRITEBACK,0,0
gto,3,4,0,1,2,8,8,1,lud,SFU_OP,SCHEDULER,5914,6424
gto,3,4,0,1,2,8,8,1,lud,SFU_OP,OPERAND_COLLECTOR,0,312
gto,3,4,0,1,2,8,8,1,lud,SFU_OP,EXECUTION_PIPELINE,0,3588
gto,3,4,0,1,2,8,8,1,lud,SFU_OP,WRITEBACK,0,156
gto,3,4,0,1,2,8,8,1,lud,SP_OP,SCHEDULER,133004,150112
gto,3,4,0,1,2,8,8,1,lud,SP_OP,OPERAND_COLLECTOR,6,15955
gto,3,4,0,1,2,8,8,1,lud,SP_OP,EXECUTION_PIPELINE,0,20256
gto,3,4,0,1,2,8,8,1,lud,SP_OP,WRITEBACK,0,5064
gto,3,4,0,1,2,8,8,1,nn,ALU_OP,SCHEDULER,109077,435224
gto,3,4,0,1,2,8,8,1,nn,ALU_OP,OPERAND_COLLECTOR,44279,146553
gto,3,4,0,1,2,8,8,1,nn,ALU_OP,EXECUTION_PIPELINE,0,192936
gto,3,4,0,1,2,8,8,1,nn,ALU_OP,WRITEBACK,306,42172
gto,3,4,0,1,2,8,8,1,nn,INTP_OP,SCHEDULER,1085169,6011795
gto,3,4,0,1,2,8,8,1,nn,INTP_OP,OPERAND_COLLECTOR,144584,769294
gto,3,4,0,1,2,8,8,1,nn,INTP_OP,EXECUTION_PIPELINE,0,661458
gto,3,4,0,1,2,8,8,1,nn,INTP_OP,WRITEBACK,723,145084
gto,3,4,0,1,2,8,8,1,nn,LOAD_OP,SCHEDULER,2968918,5850801
gto,3,4,0,1,2,8,8,1,nn,LOAD_OP,OPERAND_COLLECTOR,14943769,18818318
gto,3,4,0,1,2,8,8,1,nn,LOAD_OP,EXECUTION_PIPELINE,0,226935503
gto,3,4,0,1,2,8,8,1,nn,LOAD_OP,WRITEBACK,0,0
gto,3,4,0,1,2,8,8,1,nn,SFU_OP,SCHEDULER,22773,37590
gto,3,4,0,1,2,8,8,1,nn,SFU_OP,OPERAND_COLLECTOR,230,9952
gto,3,4,0,1,2,8,8,1,nn,SFU_OP,EXECUTION_PIPELINE,0,87121
gto,3,4,0,1,2,8,8,1,nn,SFU_OP,WRITEBACK,0,3752
gto,3,4,0,1,2,8,8,1,nn,SPECIALIZED_UNIT_1_OP,SCHEDULER,8187,17196
gto,3,4,0,1,2,8,8,1,nn,SPECIALIZED_UNIT_1_OP,OPERAND_COLLECTOR,16131,32365
gto,3,4,0,1,2,8,8,1,nn,SPECIALIZED_UNIT_1_OP,EXECUTION_PIPELINE,0,38820
gto,3,4,0,1,2,8,8,1,nn,SPECIALIZED_UNIT_1_OP,WRITEBACK,1,4346
gto,3,4,0,1,2,8,8,1,nn,SP_OP,SCHEDULER,409634,756567
gto,3,4,0,1,2,8,8,1,nn,SP_OP,OPERAND_COLLECTOR,7136,327924
gto,3,4,0,1,2,8,8,1,nn,SP_OP,EXECUTION_PIPELINE,0,390208
gto,3,4,0,1,2,8,8,1,nn,SP_OP,WRITEBACK,6751,104303
gto,3,4,0,1,2,8,8,1,nw,ALU_OP,SCHEDULER,28,924
gto,3,4,0,1,2,8,8,1,nw,ALU_OP,OPERAND_COLLECTOR,256,1564
gto,3,4,0,1,2,8,8,1,nw,ALU_OP,EXECUTION_PIPELINE,0,3136
gto,3,4,0,1,2,8,8,1,nw,ALU_OP,WRITEBACK,0,640
gto,3,4,0,1,2,8,8,1,nw,INTP_OP,SCHEDULER,112462,181020
gto,3,4,0,1,2,8,8,1,nw,INTP_OP,OPERAND_COLLECTOR,1432,33170
gto,3,4,0,1,2,8,8,1,nw,INTP_OP,EXECUTION_PIPELINE,0,63052
gto,3,4,0,1,2,8,8,1,nw,INTP_OP,WRITEBACK,0,15128
gto,3,4,0,1,2,8,8,1,nw,LOAD_OP,SCHEDULER,9104,32140
gto,3,4,0,1,2,8,8,1,nw,LOAD_OP,OPERAND_COLLECTOR,7360,34496
gto,3,4,0,1,2,8,8,1,nw,LOAD_OP,EXECUTION_PIPELINE,0,2100552
gto,3,4,0,1,2,8,8,1,nw,LOAD_OP,WRITEBACK,0,0
gto,3,4,0,1,2,8,8,1,pathfinder,ALU_OP,SCHEDULER,2855,209925
gto,3,4,0,1,2,8,8,1,pathfinder,ALU_OP,OPERAND_COLLECTOR,1736,7778
gto,3,4,0,1,2,8,8,1,pathfinder,ALU_OP,EXECUTION_PIPELINE,0,11695
gto,3,4,0,1,2,8,8,1,pathfinder,ALU_OP,WRITEBACK,0,2600
gto,3,4,0,1,2,8,8,1,pathfinder,INTP_OP,SCHEDULER,345833,378960
gto,3,4,0,1,2,8,8,1,pathfinder,INTP_OP,OPERAND_COLLECTOR,11612,38645
gto,3,4,0,1,2,8,8,1,pathfinder,INTP_OP,EXECUTION_PIPELINE,0,50585
gto,3,4,0,1,2,8,8,1,pathfinder,INTP_OP,WRITEBACK,0,11008
gto,3,4,0,1,2,8,8,1,pathfinder,LOAD_OP,SCHEDULER,20976,34667
gto,3,4,0,1,2,8,8,1,pathfinder,LOAD_OP,OPERAND_COLLECTOR,10722,25368
gto,3,4,0,1,2,8,8,1,pathfinder,LOAD_OP,EXECUTION_PIPELINE,0,1845317
gto,3,4,0,1,2,8,8,1,pathfinder,LOAD_OP,WRITEBACK,0,0
gto,3,4,0,1,2,8,8,1,srad_v2,ALU_OP,SCHEDULER,614573,784243
gto,3,4,0,1,2,8,8,1,srad_v2,ALU_OP,OPERAND_COLLECTOR,26204,85130
gto,3,4,0,1,2,8,8,1,srad_v2,ALU_OP,EXECUTION_PIPELINE,0,97574
gto,3,4,0,1,2,8,8,1,srad_v2,ALU_OP,WRITEBACK,240,22000
gto,3,4,0,1,2,8,8,1,srad_v2,DP_OP,SCHEDULER,985241,1436024
gto,3,4,0,1,2,8,8,1,srad_v2,DP_OP,OPERAND_COLLECTOR,362455,401630
gto,3,4,0,1,2,8,8,1,srad_v2,DP_OP,EXECUTION_PIPELINE,0,1288234
gto,3,4,0,1,2,8,8,1,srad_v2,DP_OP,WRITEBACK,0,11264
gto,3,4,0,1,2,8,8,1,srad_v2,INTP_OP,SCHEDULER,271328,1162653
gto,3,4,0,1,2,8,8,1,srad_v2,INTP_OP,OPERAND_COLLECTOR,80504,305379
gto,3,4,0,1,2,8,8,1,srad_v2,INTP_OP,EXECUTION_PIPELINE,0,378137
gto,3,4,0,1,2,8,8,1,srad_v2,INTP_OP,WRITEBACK,166,83238
gto,3,4,0,1,2,8,8,1,srad_v2,LOAD_OP,SCHEDULER,311229,687437
gto,3,4,0,1,2,8,8,1,srad_v2,LOAD_OP,OPERAND_COLLECTOR,395312,583664
gto,3,4,0,1,2,8,8,1,srad_v2,LOAD_OP,EXECUTION_PIPELINE,0,14340736
gto,3,4,0,1,2,8,8,1,srad_v2,LOAD_OP,WRITEBACK,0,0
gto,3,4,0,1,2,8,8,1,srad_v2,SFU_OP,SCHEDULER,18136,26313
gto,3,4,0,1,2,8,8,1,srad_v2,SFU_OP,OPERAND_COLLECTOR,253,12326
gto,3,4,0,1,2,8,8,1,srad_v2,SFU_OP,EXECUTION_PIPELINE,0,119179
gto,3,4,0,1,2,8,8,1,srad_v2,SFU_OP,WRITEBACK,28,5148
gto,3,4,0,1,2,8,8,1,srad_v2,SP_OP,SCHEDULER,694949,1035809
gto,3,4,0,1,2,8,8,1,srad_v2,SP_OP,OPERAND_COLLECTOR,1400,109452
gto,3,4,0,1,2,8,8,1,srad_v2,SP_OP,EXECUTION_PIPELINE,0,182272
gto,3,4,0,1,2,8,8,1,srad_v2,SP_OP,WRITEBACK,1313,46881
gto,3,4,0,1,2,8,8,1,streamcluster,ALU_OP,SCHEDULER,1218830,2863381
gto,3,4,0,1,2,8,8,1,streamcluster,ALU_OP,OPERAND_COLLECTOR,137051,327844
gto,3,4,0,1,2,8,8,1,streamcluster,ALU_OP,EXECUTION_PIPELINE,0,357697
gto,3,4,0,1,2,8,8,1,streamcluster,ALU_OP,WRITEBACK,3,75663
gto,3,4,0,1,2,8,8,1,streamcluster,INTP_OP,SCHEDULER,3055478,4420575
gto,3,4,0,1,2,8,8,1,streamcluster,INTP_OP,OPERAND_COLLECTOR,127925,1344029
gto,3,4,0,1,2,8,8,1,streamcluster,INTP_OP,EXECUTION_PIPELINE,0,696806
gto,3,4,0,1,2,8,8,1,streamcluster,INTP_OP,WRITEBACK,90,154790
gto,3,4,0,1,2,8,8,1,streamcluster,LOAD_OP,SCHEDULER,4158812,11937847
gto,3,4,0,1,2,8,8,1,streamcluster,LOAD_OP,OPERAND_COLLECTOR,28822782,32812215
gto,3,4,0,1,2,8,8,1,streamcluster,LOAD_OP,EXECUTION_PIPELINE,0,231850771
gto,3,4,0,1,2,8,8,1,streamcluster,LOAD_OP,WRITEBACK,0,0
gto,3,4,0,1,2,8,8,1,streamcluster,SP_OP,SCHEDULER,5392906,6455967
gto,3,4,0,1,2,8,8,1,streamcluster,SP_OP,OPERAND_COLLECTOR,10105,483288
gto,3,4,0,1,2,8,8,1,streamcluster,SP_OP,EXECUTION_PIPELINE,0,582400
gto,3,4,0,1,2,8,8,1,streamcluster,SP_OP,WRITEBACK,5388,150988
gto,2,4,0,1,2,8,8,1,backprop,ALU_OP,SCHEDULER,6796025,8959473
gto,2,4,0,1,2,8,8,1,backprop,ALU_OP,OPERAND_COLLECTOR,30605,837033
gto,2,4,0,1,2,8,8,1,backprop,ALU_OP,EXECUTION_PIPELINE,0,273266
gto,2,4,0,1,2,8,8,1,backprop,ALU_OP,WRITEBACK,567,59966
gto,2,4,0,1,2,8,8,1,backprop,DP_OP,SCHEDULER,2135495,2162454
gto,2,4,0,1,2,8,8,1,backprop,DP_OP,OPERAND_COLLECTOR,1542942,1864276
gto,2,4,0,1,2,8,8,1,backprop,DP_OP,EXECUTION_PIPELINE,0,1819618
gto,2,4,0,1,2,8,8,1,backprop,DP_OP,WRITEBACK,0,14341
gto,2,4,0,1,2,8,8,1,backprop,INTP_OP,SCHEDULER,1120868,1575396
gto,2,4,0,1,2,8,8,1,backprop,INTP_OP,OPERAND_COLLECTOR,124071,500339
gto,2,4,0,1,2,8,8,1,backprop,INTP_OP,EXECUTION_PIPELINE,0,522001
gto,2,4,0,1,2,8,8,1,backprop,INTP_OP,WRITEBACK,699,111294
gto,2,4,0,1,2,8,8,1,backprop,LOAD_OP,SCHEDULER,192755,2418615
gto,2,4,0,1,2,8,8,1,backprop,LOAD_OP,OPERAND_COLLECTOR,267922,480300
gto,2,4,0,1,2,8,8,1,backprop,LOAD_OP,EXECUTION_PIPELINE,0,30391955
gto,2,4,0,1,2,8,8,1,backprop,LOAD_OP,WRITEBACK,0,0
gto,2,4,0,1,2,8,8,1,backprop,SFU_OP,SCHEDULER,825,374234
gto,2,4,0,1,2,8,8,1,backprop,SFU_OP,OPERAND_COLLECTOR,861,19689
gto,2,4,0,1,2,8,8,1,backprop,SFU_OP,EXECUTION_PIPELINE,0,197089
gto,2,4,0,1,2,8,8,1,backprop,SFU_OP,WRITEBACK,0,8192
gto,2,4,0,1,2,8,8,1,backprop,SP_OP,SCHEDULER,426690,447847
gto,2,4,0,1,2,8,8,1,backprop,SP_OP,OPERAND_COLLECTOR,131,25195
gto,2,4,0,1,2,8,8,1,backprop,SP_OP,EXECUTION_PIPELINE,0,40960
gto,2,4,0,1,2,8,8,1,backprop,SP_OP,WRITEBACK,441,10681
gto,2,4,0,1,2,8,8,1,bfs,ALU_OP,SCHEDULER,14025,270716
gto,2,4,0,1,2,8,8,1,bfs,ALU_OP,OPERAND_COLLECTOR,421,23198
gto,2,4,0,1,2,8,8,1,bfs,ALU_OP,EXECUTION_PIPELINE,0,43583
gto,2,4,0,1,2,8,8,1,bfs,ALU_OP,WRITEBACK,0,8766
gto,2,4,0,1,2,8,8,1,bfs,INTP_OP,SCHEDULER,1488788,2015760
gto,2,4,0,1,2,8,8,1,bfs,INTP_OP,OPERAND_COLLECTOR,71881,294288
gto,2,4,0,1,2,8,8,1,bfs,INTP_OP,EXECUTION_PIPELINE,0,387749
gto,2,4,0,1,2,8,8,1,bfs,INTP_OP,WRITEBACK,0,84413
gto,2,4,0,1,2,8,8,1,bfs,LOAD_OP,SCHEDULER,64854,133516
gto,2,4,0,1,2,8,8,1,bfs,LOAD_OP,OPERAND_COLLECTOR,5919,39486
gto,2,4,0,1,2,8,8,1,bfs,LOAD_OP,EXECUTION_PIPELINE,0,5299806
gto,2,4,0,1,2,8,8,1,bfs,LOAD_OP,WRITEBACK,0,0
gto,2,4,0,1,2,8,8,1,heartwall,ALU_OP,SCHEDULER,94887,274183
gto,2,4,0,1,2,8,8,1,heartwall,ALU_OP,OPERAND_COLLECTOR,8484,70077
gto,2,4,0,1,2,8,8,1,heartwall,ALU_OP,EXECUTION_PIPELINE,0,109463
gto,2,4,0,1,2,8,8,1,heartwall,ALU_OP,WRITEBACK,94,23146
gto,2,4,0,1,2,8,8,1,heartwall,INTP_OP,SCHEDULER,982567,1775017
gto,2,4,0,1,2,8,8,1,heartwall,INTP_OP,OPERAND_COLLECTOR,104651,457397
gto,2,4,0,1,2,8,8,1,heartwall,INTP_OP,EXECUTION_PIPELINE,0,604575
gto,2,4,0,1,2,8,8,1,heartwall,INTP_OP,WRITEBACK,426,130272
gto,2,4,0,1,2,8,8,1,heartwall,LOAD_OP,SCHEDULER,155575,274612
gto,2,4,0,1,2,8,8,1,heartwall,LOAD_OP,OPERAND_COLLECTOR,942,52556
gto,2,4,0,1,2,8,8,1,heartwall,LOAD_OP,EXECUTION_PIPELINE,0,9490540
gto,2,4,0,1,2,8,8,1,heartwall,LOAD_OP,WRITEBACK,0,0
gto,2,4,0,1,2,8,8,1,heartwall,SFU_OP,SCHEDULER,18872,27396
gto,2,4,0,1,2,8,8,1,heartwall,SFU_OP,OPERAND_COLLECTOR,5,5438
gto,2,4,0,1,2,8,8,1,heartwall,SFU_OP,EXECUTION_PIPELINE,0,56920
gto,2,4,0,1,2,8,8,1,heartwall,SFU_OP,WRITEBACK,0,2448
gto,2,4,0,1,2,8,8,1,hotspot,ALU_OP,SCHEDULER,1652288,1925254
gto,2,4,0,1,2,8,8,1,hotspot,ALU_OP,OPERAND_COLLECTOR,25184,623275
gto,2,4,0,1,2,8,8,1,hotspot,ALU_OP,EXECUTION_PIPELINE,0,532591
gto,2,4,0,1,2,8,8,1,hotspot,ALU_OP,WRITEBACK,639,119253
gto,2,4,0,1,2,8,8,1,hotspot,DP_OP,SCHEDULER,6763410,9691173
gto,2,4,0,1,2,8,8,1,hotspot,DP_OP,OPERAND_COLLECTOR,1731705,2039605
gto,2,4,0,1,2,8,8,1,hotspot,DP_OP,EXECUTION_PIPELINE,0,7802759
gto,2,4,0,1,2,8,8,1,hotspot,DP_OP,WRITEBACK,0,73871
gto,2,4,0,1,2,8,8,1,hotspot,INTP_OP,SCHEDULER,258492,1382401
gto,2,4,0,1,2,8,8,1,hotspot,INTP_OP,OPERAND_COLLECTOR,115075,624931
gto,2,4,0,1,2,8,8,1,hotspot,INTP_OP,EXECUTION_PIPELINE,0,894801
gto,2,4,0,1,2,8,8,1,hotspot,INTP_OP,WRITEBACK,2055,195904
gto,2,4,0,1,2,8,8,1,hotspot,LOAD_OP,SCHEDULER,145833,355866
gto,2,4,0,1,2,8,8,1,hotspot,LOAD_OP,OPERAND_COLLECTOR,123458,414828
gto,2,4,0,1,2,8,8,1,hotspot,LOAD_OP,EXECUTION_PIPELINE,0,13436867
gto,2,4,0,1,2,8,8,1,hotspot,LOAD_OP,WRITEBACK,0,0
gto,2,4,0,1,2,8,8,1,hotspot,SFU_OP,SCHEDULER,6,14342
gto,2,4,0,1,2,8,8,1,hotspot,SFU_OP,OPERAND_COLLECTOR,146,32508
gto,2,4,0,1,2,8,8,1,hotspot,SFU_OP,EXECUTION_PIPELINE,0,340708
gto,2,4,0,1,2,8,8,1,hotspot,SFU_OP,WRITEBACK,5,14341
gto,2,4,0,1,2,8,8,1,hotspot,SP_OP,SCHEDULER,541548,961276
gto,2,4,0,1,2,8,8,1,hotspot,SP_OP,OPERAND_COLLECTOR,2019,224011
gto,2,4,0,1,2,8,8,1,hotspot,SP_OP,EXECUTION_PIPELINE,0,369552
gto,2,4,0,1,2,8,8,1,hotspot,SP_OP,WRITEBACK,3160,95548
gto,2,4,0,1,2,8,8,1,lud,ALU_OP,SCHEDULER,804,3006
gto,2,4,0,1,2,8,8,1,lud,ALU_OP,OPERAND_COLLECTOR,2352,5384
gto,2,4,0,1,2,8,8,1,lud,ALU_OP,EXECUTION_PIPELINE,0,6278
gto,2,4,0,1,2,8,8,1,lud,ALU_OP,WRITEBACK,0,1342
gto,2,4,0,1,2,8,8,1,lud,INTP_OP,SCHEDULER,10652,24338
gto,2,4,0,1,2,8,8,1,lud,INTP_OP,OPERAND_COLLECTOR,1544,17671
gto,2,4,0,1,2,8,8,1,lud,INTP_OP,EXECUTION_PIPELINE,0,28753
gto,2,4,0,1,2,8,8,1,lud,INTP_OP,WRITEBACK,0,6490
gto,2,4,0,1,2,8,8,1,lud,LOAD_OP,SCHEDULER,19815,62937
gto,2,4,0,1,2,8,8,1,lud,LOAD_OP,OPERAND_COLLECTOR,14973,40744
gto,2,4,0,1,2,8,8,1,lud,LOAD_OP,EXECUTION_PIPELINE,0,926759
gto,2,4,0,1,2,8,8,1,lud,LOAD_OP,WRITEBACK,0,0
gto,2,4,0,1,2,8,8,1,lud,SFU_OP,SCHEDULER,5880,6400
gto,2,4,0,1,2,8,8,1,lud,SFU_OP,OPERAND_COLLECTOR,0,312
gto,2,4,0,1,2,8,8,1,lud,SFU_OP,EXECUTION_PIPELINE,0,3588
gto,2,4,0,1,2,8,8,1,lud,SFU_OP,WRITEBACK,0,156
gto,2,4,0,1,2,8,8,1,lud,SP_OP,SCHEDULER,134744,150952
gto,2,4,0,1,2,8,8,1,lud,SP_OP,OPERAND_COLLECTOR,0,15013
gto,2,4,0,1,2,8,8,1,lud,SP_OP,EXECUTION_PIPELINE,0,20256
gto,2,4,0,1,2,8,8,1,lud,SP_OP,WRITEBACK,0,5064
gto,2,4,0,1,2,8,8,1,nn,ALU_OP,SCHEDULER,111408,763277
gto,2,4,0,1,2,8,8,1,nn,ALU_OP,OPERAND_COLLECTOR,8571,117503
gto,2,4,0,1,2,8,8,1,nn,ALU_OP,EXECUTION_PIPELINE,0,189041
gto,2,4,0,1,2,8,8,1,nn,ALU_OP,WRITEBACK,257,42123
gto,2,4,0,1,2,8,8,1,nn,INTP_OP,SCHEDULER,1426401,5953259
gto,2,4,0,1,2,8,8,1,nn,INTP_OP,OPERAND_COLLECTOR,76141,733768
gto,2,4,0,1,2,8,8,1,nn,INTP_OP,EXECUTION_PIPELINE,0,646195
gto,2,4,0,1,2,8,8,1,nn,INTP_OP,WRITEBACK,649,145010
gto,2,4,0,1,2,8,8,1,nn,LOAD_OP,SCHEDULER,4807358,6326317
gto,2,4,0,1,2,8,8,1,nn,LOAD_OP,OPERAND_COLLECTOR,7773269,12007417
gto,2,4,0,1,2,8,8,1,nn,LOAD_OP,EXECUTION_PIPELINE,0,219464802
gto,2,4,0,1,2,8,8,1,nn,LOAD_OP,WRITEBACK,0,0
gto,2,4,0,1,2,8,8,1,nn,SFU_OP,SCHEDULER,22781,37848
gto,2,4,0,1,2,8,8,1,nn,SFU_OP,OPERAND_COLLECTOR,181,10222
gto,2,4,0,1,2,8,8,1,nn,SFU_OP,EXECUTION_PIPELINE,0,87242
gto,2,4,0,1,2,8,8,1,nn,SFU_OP,WRITEBACK,0,3752
gto,2,4,0,1,2,8,8,1,nn,SPECIALIZED_UNIT_1_OP,SCHEDULER,11737,21038
gto,2,4,0,1,2,8,8,1,nn,SPECIALIZED_UNIT_1_OP,OPERAND_COLLECTOR,5604,21970
gto,2,4,0,1,2,8,8,1,nn,SPECIALIZED_UNIT_1_OP,EXECUTION_PIPELINE,0,38208
gto,2,4,0,1,2,8,8,1,nn,SPECIALIZED_UNIT_1_OP,WRITEBACK,0,4346
gto,2,4,0,1,2,8,8,1,nn,SP_OP,SCHEDULER,346662,713333
gto,2,4,0,1,2,8,8,1,nn,SP_OP,OPERAND_COLLECTOR,5888,292833
gto,2,4,0,1,2,8,8,1,nn,SP_OP,EXECUTION_PIPELINE,0,390208
gto,2,4,0,1,2,8,8,1,nn,SP_OP,WRITEBACK,5886,103438
gto,2,4,0,1,2,8,8,1,nw,ALU_OP,SCHEDULER,64,960
gto,2,4,0,1,2,8,8,1,nw,ALU_OP,OPERAND_COLLECTOR,0,1344
gto,2,4,0,1,2,8,8,1,nw,ALU_OP,EXECUTION_PIPELINE,0,3136
gto,2,4,0,1,2,8,8,1,nw,ALU_OP,WRITEBACK,0,640
gto,2,4,0,1,2,8,8,1,nw,INTP_OP,SCHEDULER,110798,179046
gto,2,4,0,1,2,8,8,1,nw,INTP_OP,OPERAND_COLLECTOR,902,32684
gto,2,4,0,1,2,8,8,1,nw,INTP_OP,EXECUTION_PIPELINE,0,62740
gto,2,4,0,1,2,8,8,1,nw,INTP_OP,WRITEBACK,0,15128
gto,2,4,0,1,2,8,8,1,nw,LOAD_OP,SCHEDULER,13200,37772
gto,2,4,0,1,2,8,8,1,nw,LOAD_OP,OPERAND_COLLECTOR,5760,37028
gto,2,4,0,1,2,8,8,1,nw,LOAD_OP,EXECUTION_PIPELINE,0,2099356
gto,2,4,0,1,2,8,8,1,nw,LOAD_OP,WRITEBACK,0,0
gto,2,4,0,1,2,8,8,1,pathfinder,ALU_OP,SCHEDULER,2597,210279
gto,2,4,0,1,2,8,8,1,pathfinder,ALU_OP,OPERAND_COLLECTOR,856,7062
gto,2,4,0,1,2,8,8,1,pathfinder,ALU_OP,EXECUTION_PIPELINE,0,11612
gto,2,4,0,1,2,8,8,1,pathfinder,ALU_OP,WRITEBACK,0,2600
gto,2,4,0,1,2,8,8,1,pathfinder,INTP_OP,SCHEDULER,347162,382069
gto,2,4,0,1,2,8,8,1,pathfinder,INTP_OP,OPERAND_COLLECTOR,6656,35145
gto,2,4,0,1,2,8,8,1,pathfinder,INTP_OP,EXECUTION_PIPELINE,0,50292
gto,2,4,0,1,2,8,8,1,pathfinder,INTP_OP,WRITEBACK,0,11008
gto,2,4,0,1,2,8,8,1,pathfinder,LOAD_OP,SCHEDULER,20298,34641
gto,2,4,0,1,2,8,8,1,pathfinder,LOAD_OP,OPERAND_COLLECTOR,7555,22802
gto,2,4,0,1,2,8,8,1,pathfinder,LOAD_OP,EXECUTION_PIPELINE,0,1851752
gto,2,4,0,1,2,8,8,1,pathfinder,LOAD_OP,WRITEBACK,0,0
gto,2,4,0,1,2,8,8,1,srad_v2,ALU_OP,SCHEDULER,640427,800251
gto,2,4,0,1,2,8,8,1,srad_v2,ALU_OP,OPERAND_COLLECTOR,11053,96359
gto,2,4,0,1,2,8,8,1,srad_v2,ALU_OP,EXECUTION_PIPELINE,0,96473
gto,2,4,0,1,2,8,8,1,srad_v2,ALU_OP,WRITEBACK,137,21897
gto,2,4,0,1,2,8,8,1,srad_v2,DP_OP,SCHEDULER,935106,1425732
gto,2,4,0,1,2,8,8,1,srad_v2,DP_OP,OPERAND_COLLECTOR,339894,387700
gto,2,4,0,1,2,8,8,1,srad_v2,DP_OP,EXECUTION_PIPELINE,0,1297271
gto,2,4,0,1,2,8,8,1,srad_v2,DP_OP,WRITEBACK,0,11264
gto,2,4,0,1,2,8,8,1,srad_v2,INTP_OP,SCHEDULER,287323,1211451
gto,2,4,0,1,2,8,8,1,srad_v2,INTP_OP,OPERAND_COLLECTOR,36469,288915
gto,2,4,0,1,2,8,8,1,srad_v2,INTP_OP,EXECUTION_PIPELINE,0,374085
gto,2,4,0,1,2,8,8,1,srad_v2,INTP_OP,WRITEBACK,171,83243
gto,2,4,0,1,2,8,8,1,srad_v2,LOAD_OP,SCHEDULER,318537,672966
gto,2,4,0,1,2,8,8,1,srad_v2,LOAD_OP,OPERAND_COLLECTOR,204115,385455
gto,2,4,0,1,2,8,8,1,srad_v2,LOAD_OP,EXECUTION_PIPELINE,0,14432098
gto,2,4,0,1,2,8,8,1,srad_v2,LOAD_OP,WRITEBACK,0,0
gto,2,4,0,1,2,8,8,1,srad_v2,SFU_OP,SCHEDULER,18102,26629
gto,2,4,0,1,2,8,8,1,srad_v2,SFU_OP,OPERAND_COLLECTOR,313,20476
gto,2,4,0,1,2,8,8,1,srad_v2,SFU_OP,EXECUTION_PIPELINE,0,118867
gto,2,4,0,1,2,8,8,1,srad_v2,SFU_OP,WRITEBACK,20,5140
gto,2,4,0,1,2,8,8,1,srad_v2,SP_OP,SCHEDULER,697237,1061961
gto,2,4,0,1,2,8,8,1,srad_v2,SP_OP,OPERAND_COLLECTOR,768,120519
gto,2,4,0,1,2,8,8,1,srad_v2,SP_OP,EXECUTION_PIPELINE,0,182272
gto,2,4,0,1,2,8,8,1,srad_v2,SP_OP,WRITEBACK,1208,46776
gto,2,4,0,1,2,8,8,1,streamcluster,ALU_OP,SCHEDULER,1166736,2884044
gto,2,4,0,1,2,8,8,1,streamcluster,ALU_OP,OPERAND_COLLECTOR,54585,250386
gto,2,4,0,1,2,8,8,1,streamcluster,ALU_OP,EXECUTION_PIPELINE,0,349337
gto,2,4,0,1,2,8,8,1,streamcluster,ALU_OP,WRITEBACK,30,75690
gto,2,4,0,1,2,8,8,1,streamcluster,INTP_OP,SCHEDULER,2986063,4248558
gto,2,4,0,1,2,8,8,1,streamcluster,INTP_OP,OPERAND_COLLECTOR,58232,1289288
gto,2,4,0,1,2,8,8,1,streamcluster,INTP_OP,EXECUTION_PIPELINE,0,681441
gto,2,4,0,1,2,8,8,1,streamcluster,INTP_OP,WRITEBACK,4,154704
gto,2,4,0,1,2,8,8,1,streamcluster,LOAD_OP,SCHEDULER,4026018,11686030
gto,2,4,0,1,2,8,8,1,streamcluster,LOAD_OP,OPERAND_COLLECTOR,19269795,24544110
gto,2,4,0,1,2,8,8,1,streamcluster,LOAD_OP,EXECUTION_PIPELINE,0,241619416
gto,2,4,0,1,2,8,8,1,streamcluster,LOAD_OP,WRITEBACK,0,0
gto,2,4,0,1,2,8,8,1,streamcluster,SP_OP,SCHEDULER,5379160,6462033
gto,2,4,0,1,2,8,8,1,streamcluster,SP_OP,OPERAND_COLLECTOR,879,470618
gto,2,4,0,1,2,8,8,1,streamcluster,SP_OP,EXECUTION_PIPELINE,0,582400
gto,2,4,0,1,2,8,8,1,streamcluster,SP_OP,WRITEBACK,5312,150912
lrr,1,4,0,1,2,8,8,1,backprop,ALU_OP,SCHEDULER,9399428,13834571
lrr,1,4,0,1,2,8,8,1,backprop,ALU_OP,OPERAND_COLLECTOR,0,1022635
lrr,1,4,0,1,2,8,8,1,backprop,ALU_OP,EXECUTION_PIPELINE,0,237596
lrr,1,4,0,1,2,8,8,1,backprop,ALU_OP,WRITEBACK,1045,60444
lrr,1,4,0,1,2,8,8,1,backprop,DP_OP,SCHEDULER,1389195,1409003
lrr,1,4,0,1,2,8,8,1,backprop,DP_OP,OPERAND_COLLECTOR,776717,1218186
lrr,1,4,0,1,2,8,8,1,backprop,DP_OP,EXECUTION_PIPELINE,0,1826820
lrr,1,4,0,1,2,8,8,1,backprop,DP_OP,WRITEBACK,0,14341
lrr,1,4,0,1,2,8,8,1,backprop,INTP_OP,SCHEDULER,2304463,3660655
lrr,1,4,0,1,2,8,8,1,backprop,INTP_OP,OPERAND_COLLECTOR,0,459538
lrr,1,4,0,1,2,8,8,1,backprop,INTP_OP,EXECUTION_PIPELINE,0,442380
lrr,1,4,0,1,2,8,8,1,backprop,INTP_OP,WRITEBACK,277,110872
lrr,1,4,0,1,2,8,8,1,backprop,LOAD_OP,SCHEDULER,246830,1106065
lrr,1,4,0,1,2,8,8,1,backprop,LOAD_OP,OPERAND_COLLECTOR,133018,429974
lrr,1,4,0,1,2,8,8,1,backprop,LOAD_OP,EXECUTION_PIPELINE,0,32594439
lrr,1,4,0,1,2,8,8,1,backprop,LOAD_OP,WRITEBACK,0,0
lrr,1,4,0,1,2,8,8,1,backprop,SFU_OP,SCHEDULER,510,104328
lrr,1,4,0,1,2,8,8,1,backprop,SFU_OP,OPERAND_COLLECTOR,6225,24588
lrr,1,4,0,1,2,8,8,1,backprop,SFU_OP,EXECUTION_PIPELINE,0,214708
lrr,1,4,0,1,2,8,8,1,backprop,SFU_OP,WRITEBACK,1,8193
lrr,1,4,0,1,2,8,8,1,backprop,SP_OP,SCHEDULER,386503,425719
lrr,1,4,0,1,2,8,8,1,backprop,SP_OP,OPERAND_COLLECTOR,0,29292
lrr,1,4,0,1,2,8,8,1,backprop,SP_OP,EXECUTION_PIPELINE,0,40960
lrr,1,4,0,1,2,8,8,1,backprop,SP_OP,WRITEBACK,0,10240
lrr,1,4,0,1,2,8,8,1,bfs,ALU_OP,SCHEDULER,36616,273757
lrr,1,4,0,1,2,8,8,1,bfs,ALU_OP,OPERAND_COLLECTOR,0,28978
lrr,1,4,0,1,2,8,8,1,bfs,ALU_OP,EXECUTION_PIPELINE,0,35064
lrr,1,4,0,1,2,8,8,1,bfs,ALU_OP,WRITEBACK,0,8766
lrr,1,4,0,1,2,8,8,1,bfs,INTP_OP,SCHEDULER,1538030,2124856
lrr,1,4,0,1,2,8,8,1,bfs,INTP_OP,OPERAND_COLLECTOR,0,292364
lrr,1,4,0,1,2,8,8,1,bfs,INTP_OP,EXECUTION_PIPELINE,0,337652
lrr,1,4,0,1,2,8,8,1,bfs,INTP_OP,WRITEBACK,0,84413
lrr,1,4,0,1,2,8,8,1,bfs,LOAD_OP,SCHEDULER,64901,133462
lrr,1,4,0,1,2,8,8,1,bfs,LOAD_OP,OPERAND_COLLECTOR,2382,46195
lrr,1,4,0,1,2,8,8,1,bfs,LOAD_OP,EXECUTION_PIPELINE,0,5307250
lrr,1,4,0,1,2,8,8,1,bfs,LOAD_OP,WRITEBACK,0,0
lrr,1,4,0,1,2,8,8,1,heartwall,ALU_OP,SCHEDULER,110641,370430
lrr,1,4,0,1,2,8,8,1,heartwall,ALU_OP,OPERAND_COLLECTOR,0,77741
lrr,1,4,0,1,2,8,8,1,heartwall,ALU_OP,EXECUTION_PIPELINE,0,92208
lrr,1,4,0,1,2,8,8,1,heartwall,ALU_OP,WRITEBACK,43,23095
lrr,1,4,0,1,2,8,8,1,heartwall,INTP_OP,SCHEDULER,968643,1744547
lrr,1,4,0,1,2,8,8,1,heartwall,INTP_OP,OPERAND_COLLECTOR,0,440551
lrr,1,4,0,1,2,8,8,1,heartwall,INTP_OP,EXECUTION_PIPELINE,0,519384
lrr,1,4,0,1,2,8,8,1,heartwall,INTP_OP,WRITEBACK,186,130032
lrr,1,4,0,1,2,8,8,1,heartwall,LOAD_OP,SCHEDULER,149658,247719
lrr,1,4,0,1,2,8,8,1,heartwall,LOAD_OP,OPERAND_COLLECTOR,2410,63224
lrr,1,4,0,1,2,8,8,1,heartwall,LOAD_OP,EXECUTION_PIPELINE,0,9613822
lrr,1,4,0,1,2,8,8,1,heartwall,LOAD_OP,WRITEBACK,0,0
lrr,1,4,0,1,2,8,8,1,heartwall,SFU_OP,SCHEDULER,17873,26614
lrr,1,4,0,1,2,8,8,1,heartwall,SFU_OP,OPERAND_COLLECTOR,0,6981
lrr,1,4,0,1,2,8,8,1,heartwall,SFU_OP,EXECUTION_PIPELINE,0,56502
lrr,1,4,0,1,2,8,8,1,heartwall,SFU_OP,WRITEBACK,0,2448
lrr,1,4,0,1,2,8,8,1,hotspot,ALU_OP,SCHEDULER,1932249,2386474
lrr,1,4,0,1,2,8,8,1,hotspot,ALU_OP,OPERAND_COLLECTOR,0,1241442
lrr,1,4,0,1,2,8,8,1,hotspot,ALU_OP,EXECUTION_PIPELINE,0,474456
lrr,1,4,0,1,2,8,8,1,hotspot,ALU_OP,WRITEBACK,320,118934
lrr,1,4,0,1,2,8,8,1,hotspot,DP_OP,SCHEDULER,6001713,8660996
lrr,1,4,0,1,2,8,8,1,hotspot,DP_OP,OPERAND_COLLECTOR,1135984,1809822
lrr,1,4,0,1,2,8,8,1,hotspot,DP_OP,EXECUTION_PIPELINE,0,7716159
lrr,1,4,0,1,2,8,8,1,hotspot,DP_OP,WRITEBACK,0,73871
lrr,1,4,0,1,2,8,8,1,hotspot,INTP_OP,SCHEDULER,536662,1748231
lrr,1,4,0,1,2,8,8,1,hotspot,INTP_OP,OPERAND_COLLECTOR,0,757883
lrr,1,4,0,1,2,8,8,1,hotspot,INTP_OP,EXECUTION_PIPELINE,0,775396
lrr,1,4,0,1,2,8,8,1,hotspot,INTP_OP,WRITEBACK,860,194709
lrr,1,4,0,1,2,8,8,1,hotspot,LOAD_OP,SCHEDULER,177031,454292
lrr,1,4,0,1,2,8,8,1,hotspot,LOAD_OP,OPERAND_COLLECTOR,63371,474490
lrr,1,4,0,1,2,8,8,1,hotspot,LOAD_OP,EXECUTION_PIPELINE,0,13619580
lrr,1,4,0,1,2,8,8,1,hotspot,LOAD_OP,WRITEBACK,0,0
lrr,1,4,0,1,2,8,8,1,hotspot,SFU_OP,SCHEDULER,3,14339
lrr,1,4,0,1,2,8,8,1,hotspot,SFU_OP,OPERAND_COLLECTOR,61,38361
lrr,1,4,0,1,2,8,8,1,hotspot,SFU_OP,EXECUTION_PIPELINE,0,334721
lrr,1,4,0,1,2,8,8,1,hotspot,SFU_OP,WRITEBACK,6,14342
lrr,1,4,0,1,2,8,8,1,hotspot,SP_OP,SCHEDULER,525684,996114
lrr,1,4,0,1,2,8,8,1,hotspot,SP_OP,OPERAND_COLLECTOR,0,277130
lrr,1,4,0,1,2,8,8,1,hotspot,SP_OP,EXECUTION_PIPELINE,0,369552
lrr,1,4,0,1,2,8,8,1,hotspot,SP_OP,WRITEBACK,766,93154
lrr,1,4,0,1,2,8,8,1,lud,ALU_OP,SCHEDULER,1508,4402
lrr,1,4,0,1,2,8,8,1,lud,ALU_OP,OPERAND_COLLECTOR,0,3754
lrr,1,4,0,1,2,8,8,1,lud,ALU_OP,EXECUTION_PIPELINE,0,5368
lrr,1,4,0,1,2,8,8,1,lud,ALU_OP,WRITEBACK,0,1342
lrr,1,4,0,1,2,8,8,1,lud,INTP_OP,SCHEDULER,11048,26263
lrr,1,4,0,1,2,8,8,1,lud,INTP_OP,OPERAND_COLLECTOR,0,20914
lrr,1,4,0,1,2,8,8,1,lud,INTP_OP,EXECUTION_PIPELINE,0,25960
lrr,1,4,0,1,2,8,8,1,lud,INTP_OP,WRITEBACK,0,6490
lrr,1,4,0,1,2,8,8,1,lud,LOAD_OP,SCHEDULER,24879,66105
lrr,1,4,0,1,2,8,8,1,lud,LOAD_OP,OPERAND_COLLECTOR,6728,43419
lrr,1,4,0,1,2,8,8,1,lud,LOAD_OP,EXECUTION_PIPELINE,0,929763
lrr,1,4,0,1,2,8,8,1,lud,LOAD_OP,WRITEBACK,0,0
lrr,1,4,0,1,2,8,8,1,lud,SFU_OP,SCHEDULER,5786,6118
lrr,1,4,0,1,2,8,8,1,lud,SFU_OP,OPERAND_COLLECTOR,0,312
lrr,1,4,0,1,2,8,8,1,lud,SFU_OP,EXECUTION_PIPELINE,0,3588
lrr,1,4,0,1,2,8,8,1,lud,SFU_OP,WRITEBACK,0,156
lrr,1,4,0,1,2,8,8,1,lud,SP_OP,SCHEDULER,124668,144017
lrr,1,4,0,1,2,8,8,1,lud,SP_OP,OPERAND_COLLECTOR,0,14769
lrr,1,4,0,1,2,8,8,1,lud,SP_OP,EXECUTION_PIPELINE,0,20256
lrr,1,4,0,1,2,8,8,1,lud,SP_OP,WRITEBACK,0,5064
lrr,1,4,0,1,2,8,8,1,nn,ALU_OP,SCHEDULER,169102,344248
lrr,1,4,0,1,2,8,8,1,nn,ALU_OP,OPERAND_COLLECTOR,0,167973
lrr,1,4,0,1,2,8,8,1,nn,ALU_OP,EXECUTION_PIPELINE,0,167464
lrr,1,4,0,1,2,8,8,1,nn,ALU_OP,WRITEBACK,26,41892
lrr,1,4,0,1,2,8,8,1,nn,INTP_OP,SCHEDULER,765638,6110990
lrr,1,4,0,1,2,8,8,1,nn,INTP_OP,OPERAND_COLLECTOR,0,666940
lrr,1,4,0,1,2,8,8,1,nn,INTP_OP,EXECUTION_PIPELINE,0,577444
lrr,1,4,0,1,2,8,8,1,nn,INTP_OP,WRITEBACK,186,144547
lrr,1,4,0,1,2,8,8,1,nn,LOAD_OP,SCHEDULER,3899138,5140530
lrr,1,4,0,1,2,8,8,1,nn,LOAD_OP,OPERAND_COLLECTOR,4237096,8136823
lrr,1,4,0,1,2,8,8,1,nn,LOAD_OP,EXECUTION_PIPELINE,0,230730123
lrr,1,4,0,1,2,8,8,1,nn,LOAD_OP,WRITEBACK,0,0
lrr,1,4,0,1,2,8,8,1,nn,SFU_OP,SCHEDULER,24664,40391
lrr,1,4,0,1,2,8,8,1,nn,SFU_OP,OPERAND_COLLECTOR,5,13780
lrr,1,4,0,1,2,8,8,1,nn,SFU_OP,EXECUTION_PIPELINE,0,87166
lrr,1,4,0,1,2,8,8,1,nn,SFU_OP,WRITEBACK,0,3752
lrr,1,4,0,1,2,8,8,1,nn,SPECIALIZED_UNIT_1_OP,SCHEDULER,37303,46395
lrr,1,4,0,1,2,8,8,1,nn,SPECIALIZED_UNIT_1_OP,OPERAND_COLLECTOR,483,22639
lrr,1,4,0,1,2,8,8,1,nn,SPECIALIZED_UNIT_1_OP,EXECUTION_PIPELINE,0,33651
lrr,1,4,0,1,2,8,8,1,nn,SPECIALIZED_UNIT_1_OP,WRITEBACK,0,4346
lrr,1,4,0,1,2,8,8,1,nn,SP_OP,SCHEDULER,369224,801335
lrr,1,4,0,1,2,8,8,1,nn,SP_OP,OPERAND_COLLECTOR,0,353432
lrr,1,4,0,1,2,8,8,1,nn,SP_OP,EXECUTION_PIPELINE,0,390208
lrr,1,4,0,1,2,8,8,1,nn,SP_OP,WRITEBACK,302,97854
lrr,1,4,0,1,2,8,8,1,nw,ALU_OP,SCHEDULER,576,1472
lrr,1,4,0,1,2,8,8,1,nw,ALU_OP,OPERAND_COLLECTOR,0,1856
lrr,1,4,0,1,2,8,8,1,nw,ALU_OP,EXECUTION_PIPELINE,0,2560
lrr,1,4,0,1,2,8,8,1,nw,ALU_OP,WRITEBACK,0,640
lrr,1,4,0,1,2,8,8,1,nw,INTP_OP,SCHEDULER,110735,178757
lrr,1,4,0,1,2,8,8,1,nw,INTP_OP,OPERAND_COLLECTOR,0,35274
lrr,1,4,0,1,2,8,8,1,nw,INTP_OP,EXECUTION_PIPELINE,0,60512
lrr,1,4,0,1,2,8,8,1,nw,INTP_OP,WRITEBACK,0,15128
lrr,1,4,0,1,2,8,8,1,nw,LOAD_OP,SCHEDULER,13692,39792
lrr,1,4,0,1,2,8,8,1,nw,LOAD_OP,OPERAND_COLLECTOR,3520,40768
lrr,1,4,0,1,2,8,8,1,nw,LOAD_OP,EXECUTION_PIPELINE,0,2098190
lrr,1,4,0,1,2,8,8,1,nw,LOAD_OP,WRITEBACK,0,0
lrr,1,4,0,1,2,8,8,1,pathfinder,ALU_OP,SCHEDULER,2498,210455
lrr,1,4,0,1,2,8,8,1,pathfinder,ALU_OP,OPERAND_COLLECTOR,0,7448
lrr,1,4,0,1,2,8,8,1,pathfinder,ALU_OP,EXECUTION_PIPELINE,0,10400
lrr,1,4,0,1,2,8,8,1,pathfinder,ALU_OP,WRITEBACK,0,2600
lrr,1,4,0,1,2,8,8,1,pathfinder,INTP_OP,SCHEDULER,351525,385715
lrr,1,4,0,1,2,8,8,1,pathfinder,INTP_OP,OPERAND_COLLECTOR,0,39365
lrr,1,4,0,1,2,8,8,1,pathfinder,INTP_OP,EXECUTION_PIPELINE,0,44032
lrr,1,4,0,1,2,8,8,1,pathfinder,INTP_OP,WRITEBACK,0,11008
lrr,1,4,0,1,2,8,8,1,pathfinder,LOAD_OP,SCHEDULER,33375,49670
lrr,1,4,0,1,2,8,8,1,pathfinder,LOAD_OP,OPERAND_COLLECTOR,920,17155
lrr,1,4,0,1,2,8,8,1,pathfinder,LOAD_OP,EXECUTION_PIPELINE,0,1833122
lrr,1,4,0,1,2,8,8,1,pathfinder,LOAD_OP,WRITEBACK,0,0
lrr,1,4,0,1,2,8,8,1,srad_v2,ALU_OP,SCHEDULER,508182,686970
lrr,1,4,0,1,2,8,8,1,srad_v2,ALU_OP,OPERAND_COLLECTOR,0,150519
lrr,1,4,0,1,2,8,8,1,srad_v2,ALU_OP,EXECUTION_PIPELINE,0,87040
lrr,1,4,0,1,2,8,8,1,srad_v2,ALU_OP,WRITEBACK,60,21820
lrr,1,4,0,1,2,8,8,1,srad_v2,DP_OP,SCHEDULER,830865,1262382
lrr,1,4,0,1,2,8,8,1,srad_v2,DP_OP,OPERAND_COLLECTOR,162082,243605
lrr,1,4,0,1,2,8,8,1,srad_v2,DP_OP,EXECUTION_PIPELINE,0,1231337
lrr,1,4,0,1,2,8,8,1,srad_v2,DP_OP,WRITEBACK,0,11264
lrr,1,4,0,1,2,8,8,1,srad_v2,INTP_OP,SCHEDULER,305316,1201047
lrr,1,4,0,1,2,8,8,1,srad_v2,INTP_OP,OPERAND_COLLECTOR,0,285569
lrr,1,4,0,1,2,8,8,1,srad_v2,INTP_OP,EXECUTION_PIPELINE,0,332288
lrr,1,4,0,1,2,8,8,1,srad_v2,INTP_OP,WRITEBACK,97,83169
lrr,1,4,0,1,2,8,8,1,srad_v2,LOAD_OP,SCHEDULER,268261,667126
lrr,1,4,0,1,2,8,8,1,srad_v2,LOAD_OP,OPERAND_COLLECTOR,79349,298516
lrr,1,4,0,1,2,8,8,1,srad_v2,LOAD_OP,EXECUTION_PIPELINE,0,14138750
lrr,1,4,0,1,2,8,8,1,srad_v2,LOAD_OP,WRITEBACK,0,0
lrr,1,4,0,1,2,8,8,1,srad_v2,SFU_OP,SCHEDULER,19897,32031
lrr,1,4,0,1,2,8,8,1,srad_v2,SFU_OP,OPERAND_COLLECTOR,1,24744
lrr,1,4,0,1,2,8,8,1,srad_v2,SFU_OP,EXECUTION_PIPELINE,0,118316
lrr,1,4,0,1,2,8,8,1,srad_v2,SFU_OP,WRITEBACK,6,5126
lrr,1,4,0,1,2,8,8,1,srad_v2,SP_OP,SCHEDULER,689140,1053849
lrr,1,4,0,1,2,8,8,1,srad_v2,SP_OP,OPERAND_COLLECTOR,0,168119
lrr,1,4,0,1,2,8,8,1,srad_v2,SP_OP,EXECUTION_PIPELINE,0,182272
lrr,1,4,0,1,2,8,8,1,srad_v2,SP_OP,WRITEBACK,339,45907
lrr,1,4,0,1,2,8,8,1,streamcluster,ALU_OP,SCHEDULER,998712,2869721
lrr,1,4,0,1,2,8,8,1,streamcluster,ALU_OP,OPERAND_COLLECTOR,0,237242
lrr,1,4,0,1,2,8,8,1,streamcluster,ALU_OP,EXECUTION_PIPELINE,0,302640
lrr,1,4,0,1,2,8,8,1,streamcluster,ALU_OP,WRITEBACK,0,75660
lrr,1,4,0,1,2,8,8,1,streamcluster,INTP_OP,SCHEDULER,1463196,2493185
lrr,1,4,0,1,2,8,8,1,streamcluster,INTP_OP,OPERAND_COLLECTOR,0,1130694
lrr,1,4,0,1,2,8,8,1,streamcluster,INTP_OP,EXECUTION_PIPELINE,0,618800
lrr,1,4,0,1,2,8,8,1,streamcluster,INTP_OP,WRITEBACK,0,154700
lrr,1,4,0,1,2,8,8,1,streamcluster,LOAD_OP,SCHEDULER,3293714,7515556
lrr,1,4,0,1,2,8,8,1,streamcluster,LOAD_OP,OPERAND_COLLECTOR,5968771,9918592
lrr,1,4,0,1,2,8,8,1,streamcluster,LOAD_OP,EXECUTION_PIPELINE,0,257666610
lrr,1,4,0,1,2,8,8,1,streamcluster,LOAD_OP,WRITEBACK,0,0
lrr,1,4,0,1,2,8,8,1,streamcluster,SP_OP,SCHEDULER,5540653,6554676
lrr,1,4,0,1,2,8,8,1,streamcluster,SP_OP,OPERAND_COLLECTOR,0,643015
lrr,1,4,0,1,2,8,8,1,streamcluster,SP_OP,EXECUTION_PIPELINE,0,582400
lrr,1,4,0,1,2,8,8,1,streamcluster,SP_OP,WRITEBACK,0,145600
lrr,3,4,0,1,2,8,8,1,backprop,ALU_OP,SCHEDULER,7941837,11971741
lrr,3,4,0,1,2,8,8,1,backprop,ALU_OP,OPERAND_COLLECTOR,129681,1073683
lrr,3,4,0,1,2,8,8,1,backprop,ALU_OP,EXECUTION_PIPELINE,0,279573
lrr,3,4,0,1,2,8,8,1,backprop,ALU_OP,WRITEBACK,1135,60534
lrr,3,4,0,1,2,8,8,1,backprop,DP_OP,SCHEDULER,2685820,2705360
lrr,3,4,0,1,2,8,8,1,backprop,DP_OP,OPERAND_COLLECTOR,2470433,2854493
lrr,3,4,0,1,2,8,8,1,backprop,DP_OP,EXECUTION_PIPELINE,0,1833599
lrr,3,4,0,1,2,8,8,1,backprop,DP_OP,WRITEBACK,0,14341
lrr,3,4,0,1,2,8,8,1,backprop,INTP_OP,SCHEDULER,2064690,3032487
lrr,3,4,0,1,2,8,8,1,backprop,INTP_OP,OPERAND_COLLECTOR,281622,690020
lrr,3,4,0,1,2,8,8,1,backprop,INTP_OP,EXECUTION_PIPELINE,0,536449
lrr,3,4,0,1,2,8,8,1,backprop,INTP_OP,WRITEBACK,663,111258
lrr,3,4,0,1,2,8,8,1,backprop,LOAD_OP,SCHEDULER,284086,1308779
lrr,3,4,0,1,2,8,8,1,backprop,LOAD_OP,OPERAND_COLLECTOR,720985,1003693
lrr,3,4,0,1,2,8,8,1,backprop,LOAD_OP,EXECUTION_PIPELINE,0,33360367
lrr,3,4,0,1,2,8,8,1,backprop,LOAD_OP,WRITEBACK,0,0
lrr,3,4,0,1,2,8,8,1,backprop,SFU_OP,SCHEDULER,457,77704
lrr,3,4,0,1,2,8,8,1,backprop,SFU_OP,OPERAND_COLLECTOR,17569,35797
lrr,3,4,0,1,2,8,8,1,backprop,SFU_OP,EXECUTION_PIPELINE,0,216178
lrr,3,4,0,1,2,8,8,1,backprop,SFU_OP,WRITEBACK,4,8196
lrr,3,4,0,1,2,8,8,1,backprop,SP_OP,SCHEDULER,461903,500955
lrr,3,4,0,1,2,8,8,1,backprop,SP_OP,OPERAND_COLLECTOR,106,31704
lrr,3,4,0,1,2,8,8,1,backprop,SP_OP,EXECUTION_PIPELINE,0,40960
lrr,3,4,0,1,2,8,8,1,backprop,SP_OP,WRITEBACK,18,10258
lrr,3,4,0,1,2,8,8,1,bfs,ALU_OP,SCHEDULER,24666,270363
lrr,3,4,0,1,2,8,8,1,bfs,ALU_OP,OPERAND_COLLECTOR,18178,39612
lrr,3,4,0,1,2,8,8,1,bfs,ALU_OP,EXECUTION_PIPELINE,0,43617
lrr,3,4,0,1,2,8,8,1,bfs,ALU_OP,WRITEBACK,0,8766
lrr,3,4,0,1,2,8,8,1,bfs,INTP_OP,SCHEDULER,1484274,2016329
lrr,3,4,0,1,2,8,8,1,bfs,INTP_OP,OPERAND_COLLECTOR,88428,297313
lrr,3,4,0,1,2,8,8,1,bfs,INTP_OP,EXECUTION_PIPELINE,0,391894
lrr,3,4,0,1,2,8,8,1,bfs,INTP_OP,WRITEBACK,0,84413
lrr,3,4,0,1,2,8,8,1,bfs,LOAD_OP,SCHEDULER,67768,136278
lrr,3,4,0,1,2,8,8,1,bfs,LOAD_OP,OPERAND_COLLECTOR,8194,40767
lrr,3,4,0,1,2,8,8,1,bfs,LOAD_OP,EXECUTION_PIPELINE,0,5295260
lrr,3,4,0,1,2,8,8,1,bfs,LOAD_OP,WRITEBACK,0,0
lrr,3,4,0,1,2,8,8,1,heartwall,ALU_OP,SCHEDULER,118047,261794
lrr,3,4,0,1,2,8,8,1,heartwall,ALU_OP,OPERAND_COLLECTOR,46461,107042
lrr,3,4,0,1,2,8,8,1,heartwall,ALU_OP,EXECUTION_PIPELINE,0,110225
lrr,3,4,0,1,2,8,8,1,heartwall,ALU_OP,WRITEBACK,171,23223
lrr,3,4,0,1,2,8,8,1,heartwall,INTP_OP,SCHEDULER,931006,1682541
lrr,3,4,0,1,2,8,8,1,heartwall,INTP_OP,OPERAND_COLLECTOR,194695,530765
lrr,3,4,0,1,2,8,8,1,heartwall,INTP_OP,EXECUTION_PIPELINE,0,607628
lrr,3,4,0,1,2,8,8,1,heartwall,INTP_OP,WRITEBACK,375,130221
lrr,3,4,0,1,2,8,8,1,heartwall,LOAD_OP,SCHEDULER,161799,279350
lrr,3,4,0,1,2,8,8,1,heartwall,LOAD_OP,OPERAND_COLLECTOR,6637,53443
lrr,3,4,0,1,2,8,8,1,heartwall,LOAD_OP,EXECUTION_PIPELINE,0,9490185
lrr,3,4,0,1,2,8,8,1,heartwall,LOAD_OP,WRITEBACK,0,0
lrr,3,4,0,1,2,8,8,1,heartwall,SFU_OP,SCHEDULER,22956,32535
lrr,3,4,0,1,2,8,8,1,heartwall,SFU_OP,OPERAND_COLLECTOR,50,5129
lrr,3,4,0,1,2,8,8,1,heartwall,SFU_OP,EXECUTION_PIPELINE,0,57687
lrr,3,4,0,1,2,8,8,1,heartwall,SFU_OP,WRITEBACK,0,2448
lrr,3,4,0,1,2,8,8,1,hotspot,ALU_OP,SCHEDULER,1760906,2013574
lrr,3,4,0,1,2,8,8,1,hotspot,ALU_OP,OPERAND_COLLECTOR,132196,584160
lrr,3,4,0,1,2,8,8,1,hotspot,ALU_OP,EXECUTION_PIPELINE,0,539387
lrr,3,4,0,1,2,8,8,1,hotspot,ALU_OP,WRITEBACK,764,119378
lrr,3,4,0,1,2,8,8,1,hotspot,DP_OP,SCHEDULER,7006289,10008191
lrr,3,4,0,1,2,8,8,1,hotspot,DP_OP,OPERAND_COLLECTOR,2375785,2689153
lrr,3,4,0,1,2,8,8,1,hotspot,DP_OP,EXECUTION_PIPELINE,0,7977754
lrr,3,4,0,1,2,8,8,1,hotspot,DP_OP,WRITEBACK,0,73871
lrr,3,4,0,1,2,8,8,1,hotspot,INTP_OP,SCHEDULER,315903,1462556
lrr,3,4,0,1,2,8,8,1,hotspot,INTP_OP,OPERAND_COLLECTOR,279451,799498
lrr,3,4,0,1,2,8,8,1,hotspot,INTP_OP,EXECUTION_PIPELINE,0,935090
lrr,3,4,0,1,2,8,8,1,hotspot,INTP_OP,WRITEBACK,3557,197406
lrr,3,4,0,1,2,8,8,1,hotspot,LOAD_OP,SCHEDULER,180125,408029
lrr,3,4,0,1,2,8,8,1,hotspot,LOAD_OP,OPERAND_COLLECTOR,323622,602110
lrr,3,4,0,1,2,8,8,1,hotspot,LOAD_OP,EXECUTION_PIPELINE,0,13616323
lrr,3,4,0,1,2,8,8,1,hotspot,LOAD_OP,WRITEBACK,0,0
lrr,3,4,0,1,2,8,8,1,hotspot,SFU_OP,SCHEDULER,173,14509
lrr,3,4,0,1,2,8,8,1,hotspot,SFU_OP,OPERAND_COLLECTOR,3080,34545
lrr,3,4,0,1,2,8,8,1,hotspot,SFU_OP,EXECUTION_PIPELINE,0,350877
lrr,3,4,0,1,2,8,8,1,hotspot,SFU_OP,WRITEBACK,4,14339
lrr,3,4,0,1,2,8,8,1,hotspot,SP_OP,SCHEDULER,529672,935723
lrr,3,4,0,1,2,8,8,1,hotspot,SP_OP,OPERAND_COLLECTOR,2968,200813
lrr,3,4,0,1,2,8,8,1,hotspot,SP_OP,EXECUTION_PIPELINE,0,369552
lrr,3,4,0,1,2,8,8,1,hotspot,SP_OP,WRITEBACK,3007,95395
lrr,3,4,0,1,2,8,8,1,lud,ALU_OP,SCHEDULER,510,2594
lrr,3,4,0,1,2,8,8,1,lud,ALU_OP,OPERAND_COLLECTOR,1648,4556
lrr,3,4,0,1,2,8,8,1,lud,ALU_OP,EXECUTION_PIPELINE,0,6302
lrr,3,4,0,1,2,8,8,1,lud,ALU_OP,WRITEBACK,0,1342
lrr,3,4,0,1,2,8,8,1,lud,INTP_OP,SCHEDULER,10514,24594
lrr,3,4,0,1,2,8,8,1,lud,INTP_OP,OPERAND_COLLECTOR,4212,19661
lrr,3,4,0,1,2,8,8,1,lud,INTP_OP,EXECUTION_PIPELINE,0,29263
lrr,3,4,0,1,2,8,8,1,lud,INTP_OP,WRITEBACK,0,6490
lrr,3,4,0,1,2,8,8,1,lud,LOAD_OP,SCHEDULER,17748,58983
lrr,3,4,0,1,2,8,8,1,lud,LOAD_OP,OPERAND_COLLECTOR,29340,55239
lrr,3,4,0,1,2,8,8,1,lud,LOAD_OP,EXECUTION_PIPELINE,0,933478
lrr,3,4,0,1,2,8,8,1,lud,LOAD_OP,WRITEBACK,0,0
lrr,3,4,0,1,2,8,8,1,lud,SFU_OP,SCHEDULER,5914,6424
lrr,3,4,0,1,2,8,8,1,lud,SFU_OP,OPERAND_COLLECTOR,0,312
lrr,3,4,0,1,2,8,8,1,lud,SFU_OP,EXECUTION_PIPELINE,0,3588
lrr,3,4,0,1,2,8,8,1,lud,SFU_OP,WRITEBACK,0,156
lrr,3,4,0,1,2,8,8,1,lud,SP_OP,SCHEDULER,129902,147024
lrr,3,4,0,1,2,8,8,1,lud,SP_OP,OPERAND_COLLECTOR,8,15571
lrr,3,4,0,1,2,8,8,1,lud,SP_OP,EXECUTION_PIPELINE,0,20256
lrr,3,4,0,1,2,8,8,1,lud,SP_OP,WRITEBACK,0,5064
lrr,3,4,0,1,2,8,8,1,nn,ALU_OP,SCHEDULER,114081,358478
lrr,3,4,0,1,2,8,8,1,nn,ALU_OP,OPERAND_COLLECTOR,43462,143721
lrr,3,4,0,1,2,8,8,1,nn,ALU_OP,EXECUTION_PIPELINE,0,192798
lrr,3,4,0,1,2,8,8,1,nn,ALU_OP,WRITEBACK,304,42170
lrr,3,4,0,1,2,8,8,1,nn,INTP_OP,SCHEDULER,1886667,6570879
lrr,3,4,0,1,2,8,8,1,nn,INTP_OP,OPERAND_COLLECTOR,153293,813213
lrr,3,4,0,1,2,8,8,1,nn,INTP_OP,EXECUTION_PIPELINE,0,666782
lrr,3,4,0,1,2,8,8,1,nn,INTP_OP,WRITEBACK,825,145186
lrr,3,4,0,1,2,8,8,1,nn,LOAD_OP,SCHEDULER,2329855,8574217
lrr,3,4,0,1,2,8,8,1,nn,LOAD_OP,OPERAND_COLLECTOR,15240693,19469187
lrr,3,4,0,1,2,8,8,1,nn,LOAD_OP,EXECUTION_PIPELINE,0,228628248
lrr,3,4,0,1,2,8,8,1,nn,LOAD_OP,WRITEBACK,0,0
lrr,3,4,0,1,2,8,8,1,nn,SFU_OP,SCHEDULER,22638,37633
lrr,3,4,0,1,2,8,8,1,nn,SFU_OP,OPERAND_COLLECTOR,279,10189
lrr,3,4,0,1,2,8,8,1,nn,SFU_OP,EXECUTION_PIPELINE,0,87253
lrr,3,4,0,1,2,8,8,1,nn,SFU_OP,WRITEBACK,0,3752
lrr,3,4,0,1,2,8,8,1,nn,SPECIALIZED_UNIT_1_OP,SCHEDULER,12404,22085
lrr,3,4,0,1,2,8,8,1,nn,SPECIALIZED_UNIT_1_OP,OPERAND_COLLECTOR,15300,31626
lrr,3,4,0,1,2,8,8,1,nn,SPECIALIZED_UNIT_1_OP,EXECUTION_PIPELINE,0,38818
lrr,3,4,0,1,2,8,8,1,nn,SPECIALIZED_UNIT_1_OP,WRITEBACK,1,4346
lrr,3,4,0,1,2,8,8,1,nn,SP_OP,SCHEDULER,324222,651352
lrr,3,4,0,1,2,8,8,1,nn,SP_OP,OPERAND_COLLECTOR,8215,258391
lrr,3,4,0,1,2,8,8,1,nn,SP_OP,EXECUTION_PIPELINE,0,390208
lrr,3,4,0,1,2,8,8,1,nn,SP_OP,WRITEBACK,7370,104922
lrr,3,4,0,1,2,8,8,1,nw,ALU_OP,SCHEDULER,28,924
lrr,3,4,0,1,2,8,8,1,nw,ALU_OP,OPERAND_COLLECTOR,256,1564
lrr,3,4,0,1,2,8,8,1,nw,ALU_OP,EXECUTION_PIPELINE,0,3136
lrr,3,4,0,1,2,8,8,1,nw,ALU_OP,WRITEBACK,0,640
lrr,3,4,0,1,2,8,8,1,nw,INTP_OP,SCHEDULER,112462,181020
lrr,3,4,0,1,2,8,8,1,nw,INTP_OP,OPERAND_COLLECTOR,1432,33170
lrr,3,4,0,1,2,8,8,1,nw,INTP_OP,EXECUTION_PIPELINE,0,63052
lrr,3,4,0,1,2,8,8,1,nw,INTP_OP,WRITEBACK,0,15128
lrr,3,4,0,1,2,8,8,1,nw,LOAD_OP,SCHEDULER,9104,32140
lrr,3,4,0,1,2,8,8,1,nw,LOAD_OP,OPERAND_COLLECTOR,7360,34496
lrr,3,4,0,1,2,8,8,1,nw,LOAD_OP,EXECUTION_PIPELINE,0,2100552
lrr,3,4,0,1,2,8,8,1,nw,LOAD_OP,WRITEBACK,0,0
lrr,3,4,0,1,2,8,8,1,pathfinder,ALU_OP,SCHEDULER,2988,209164
lrr,3,4,0,1,2,8,8,1,pathfinder,ALU_OP,OPERAND_COLLECTOR,1835,7942
lrr,3,4,0,1,2,8,8,1,pathfinder,ALU_OP,EXECUTION_PIPELINE,0,11709
lrr,3,4,0,1,2,8,8,1,pathfinder,ALU_OP,WRITEBACK,0,2600
lrr,3,4,0,1,2,8,8,1,pathfinder,INTP_OP,SCHEDULER,345880,379681
lrr,3,4,0,1,2,8,8,1,pathfinder,INTP_OP,OPERAND_COLLECTOR,14062,41520
lrr,3,4,0,1,2,8,8,1,pathfinder,INTP_OP,EXECUTION_PIPELINE,0,50708
lrr,3,4,0,1,2,8,8,1,pathfinder,INTP_OP,WRITEBACK,0,11008
lrr,3,4,0,1,2,8,8,1,pathfinder,LOAD_OP,SCHEDULER,18934,33751
lrr,3,4,0,1,2,8,8,1,pathfinder,LOAD_OP,OPERAND_COLLECTOR,11087,26973
lrr,3,4,0,1,2,8,8,1,pathfinder,LOAD_OP,EXECUTION_PIPELINE,0,1842281
lrr,3,4,0,1,2,8,8,1,pathfinder,LOAD_OP,WRITEBACK,0,0
lrr,3,4,0,1,2,8,8,1,srad_v2,ALU_OP,SCHEDULER,628821,799185
lrr,3,4,0,1,2,8,8,1,srad_v2,ALU_OP,OPERAND_COLLECTOR,26160,88142
lrr,3,4,0,1,2,8,8,1,srad_v2,ALU_OP,EXECUTION_PIPELINE,0,97687
lrr,3,4,0,1,2,8,8,1,srad_v2,ALU_OP,WRITEBACK,225,21985
lrr,3,4,0,1,2,8,8,1,srad_v2,DP_OP,SCHEDULER,966428,1424855
lrr,3,4,0,1,2,8,8,1,srad_v2,DP_OP,OPERAND_COLLECTOR,363672,403705
lrr,3,4,0,1,2,8,8,1,srad_v2,DP_OP,EXECUTION_PIPELINE,0,1284076
lrr,3,4,0,1,2,8,8,1,srad_v2,DP_OP,WRITEBACK,0,11264
lrr,3,4,0,1,2,8,8,1,srad_v2,INTP_OP,SCHEDULER,270676,1156848
lrr,3,4,0,1,2,8,8,1,srad_v2,INTP_OP,OPERAND_COLLECTOR,85415,307423
lrr,3,4,0,1,2,8,8,1,srad_v2,INTP_OP,EXECUTION_PIPELINE,0,379333
lrr,3,4,0,1,2,8,8,1,srad_v2,INTP_OP,WRITEBACK,307,83379
lrr,3,4,0,1,2,8,8,1,srad_v2,LOAD_OP,SCHEDULER,316260,685471
lrr,3,4,0,1,2,8,8,1,srad_v2,LOAD_OP,OPERAND_COLLECTOR,366451,555691
lrr,3,4,0,1,2,8,8,1,srad_v2,LOAD_OP,EXECUTION_PIPELINE,0,14382427
lrr,3,4,0,1,2,8,8,1,srad_v2,LOAD_OP,WRITEBACK,0,0
lrr,3,4,0,1,2,8,8,1,srad_v2,SFU_OP,SCHEDULER,17773,26054
lrr,3,4,0,1,2,8,8,1,srad_v2,SFU_OP,OPERAND_COLLECTOR,239,12077
lrr,3,4,0,1,2,8,8,1,srad_v2,SFU_OP,EXECUTION_PIPELINE,0,119759
lrr,3,4,0,1,2,8,8,1,srad_v2,SFU_OP,WRITEBACK,32,5152
lrr,3,4,0,1,2,8,8,1,srad_v2,SP_OP,SCHEDULER,695602,1043825
lrr,3,4,0,1,2,8,8,1,srad_v2,SP_OP,OPERAND_COLLECTOR,1432,109247
lrr,3,4,0,1,2,8,8,1,srad_v2,SP_OP,EXECUTION_PIPELINE,0,182272
lrr,3,4,0,1,2,8,8,1,srad_v2,SP_OP,WRITEBACK,1295,46863
lrr,3,4,0,1,2,8,8,1,streamcluster,ALU_OP,SCHEDULER,1210156,2908443
lrr,3,4,0,1,2,8,8,1,streamcluster,ALU_OP,OPERAND_COLLECTOR,134911,334293
lrr,3,4,0,1,2,8,8,1,streamcluster,ALU_OP,EXECUTION_PIPELINE,0,358054
lrr,3,4,0,1,2,8,8,1,streamcluster,ALU_OP,WRITEBACK,65,75725
lrr,3,4,0,1,2,8,8,1,streamcluster,INTP_OP,SCHEDULER,3209828,4538991
lrr,3,4,0,1,2,8,8,1,streamcluster,INTP_OP,OPERAND_COLLECTOR,128464,1369822
lrr,3,4,0,1,2,8,8,1,streamcluster,INTP_OP,EXECUTION_PIPELINE,0,695129
lrr,3,4,0,1,2,8,8,1,streamcluster,INTP_OP,WRITEBACK,81,154781
lrr,3,4,0,1,2,8,8,1,streamcluster,LOAD_OP,SCHEDULER,4727443,12674186
lrr,3,4,0,1,2,8,8,1,streamcluster,LOAD_OP,OPERAND_COLLECTOR,30837845,35310950
lrr,3,4,0,1,2,8,8,1,streamcluster,LOAD_OP,EXECUTION_PIPELINE,0,227867998
lrr,3,4,0,1,2,8,8,1,streamcluster,LOAD_OP,WRITEBACK,0,0
lrr,3,4,0,1,2,8,8,1,streamcluster,SP_OP,SCHEDULER,5336174,6414769
lrr,3,4,0,1,2,8,8,1,streamcluster,SP_OP,OPERAND_COLLECTOR,8528,445558
lrr,3,4,0,1,2,8,8,1,streamcluster,SP_OP,EXECUTION_PIPELINE,0,582400
lrr,3,4,0,1,2,8,8,1,streamcluster,SP_OP,WRITEBACK,3980,149580
