case_label,sched,ocs,reuse_time,rfc_compiler_reuse_time,rfc_compiler_reuse_hit_time,reuse_time_rate,rfc_compiler_reuse_rate,compiler_reuse_coverage_pct,compiler_reuse_hit_over_all_reuse_pct
backprop,gto,1,23802,6144,4096,3.8740234375,0.6666666666666666,25.812956894378626,17.20863792958575
backprop,gto,2,15861,6144,2792,2.58154296875,0.4544270833333333,38.73652354832608,17.602925414538806
backprop,gto,4,14943,6144,2082,2.43212890625,0.3388671875,41.11624171853042,13.93294519172857
backprop,gto,6,10462,6144,1253,1.7027994791666667,0.20393880208333334,58.72682087554961,11.97667749952208
backprop,lrr,1,6900,6144,2781,1.123046875,0.45263671875,89.04347826086956,40.30434782608695
backprop,lrr,2,4626,6144,708,0.7529296875,0.115234375,132.81452658884564,15.304798962386512
backprop,lrr,4,5338,6144,794,0.8688151041666666,0.12923177083333334,115.09928812289247,14.874484825777445
backprop,lrr,6,6188,6144,665,1.0071614583333333,0.10823567708333333,99.28894634776988,10.74660633484163
bfs,gto,1,36711,10988,5696,3.341008372770295,0.5183836912995996,29.93108332652338,15.51578545939909
bfs,gto,2,30968,10988,5776,2.8183472879504916,0.5256643611212232,35.48178765176957,18.651511237406353
bfs,gto,4,23924,10988,1485,2.1772843101565345,0.13514743356388786,45.928774452432705,6.2071559939809395
bfs,gto,6,20567,10988,244,1.8717692027666546,0.02220604295595195,53.42539018816551,1.186366509456897
bfs,lrr,1,29349,10988,3787,2.6710047324353843,0.34464870768110667,37.43909502879144,12.903335718423115
bfs,lrr,2,27777,10988,4450,2.5279395704404806,0.40498725882781217,39.5579076214134,16.02044857256003
bfs,lrr,4,22361,10988,1150,2.0350382235165636,0.1046596286858391,49.1391261571486,5.142882697553777
bfs,lrr,6,20657,10988,432,1.879959956315981,0.039315617036767385,53.19262235561795,2.0913007697148664
heartwall,gto,1,27859,816,0,34.14093137254902,0.0,2.929035500197423,0.0
heartwall,gto,2,22114,816,93,27.100490196078432,0.11397058823529412,3.689970154653161,0.4205480690965
heartwall,gto,4,19134,816,45,23.448529411764707,0.05514705882352941,4.264659767952336,0.23518344308560676
heartwall,gto,6,16402,816,29,20.100490196078432,0.03553921568627451,4.97500304840873,0.17680770637727106
heartwall,lrr,1,20390,816,0,24.987745098039216,0.0,4.001961745953899,0.0
heartwall,lrr,2,18240,816,41,22.352941176470587,0.05024509803921569,4.473684210526316,0.22478070175438597
heartwall,lrr,4,16520,816,10,20.245098039215687,0.012254901960784314,4.939467312348668,0.06053268765133172
heartwall,lrr,6,16829,816,169,20.623774509803923,0.20710784313725492,4.848772951452849,1.0042189078376613
hotspot,gto,1,141842,96256,27338,1.4735912566489362,0.2840134640957447,67.8614232737835,19.273557902454844
hotspot,gto,2,98688,96256,27440,1.0252659574468086,0.28507313829787234,97.53566796368352,27.804798962386513
hotspot,gto,4,78221,96256,25093,0.8126350565159575,0.2606902426861702,123.05646821186127,32.079620562253105
hotspot,gto,6,58005,96256,8792,0.6026117852393617,0.09133976063829788,165.9443151452461,15.157314024653045
hotspot,lrr,1,79731,96256,24485,0.8283223902925532,0.2543737533244681,120.7259409765336,30.70951072982905
hotspot,lrr,2,85226,96256,23275,0.8854097406914894,0.2418031083776596,112.9420599347617,27.309741158801305
hotspot,lrr,4,83395,96256,7780,0.8663875498670213,0.08082613031914894,115.42178787697104,9.329096468613226
hotspot,lrr,6,66610,96256,8222,0.6920088098404256,0.08541805186170212,144.50683080618523,12.343491968172946
lud,gto,1,6439,1024,590,6.2880859375,0.576171875,15.903090542009629,9.162913495884455
lud,gto,2,7716,1024,328,7.53515625,0.3203125,13.271124935199586,4.250907205806117
lud,gto,4,6774,1024,150,6.615234375,0.146484375,15.116622379687039,2.2143489813994686
lud,gto,6,6365,1024,50,6.2158203125,0.048828125,16.087981146897093,0.7855459544383346
lud,lrr,1,5310,1024,590,5.185546875,0.576171875,19.284369114877588,11.11111111111111
lud,lrr,2,6668,1024,328,6.51171875,0.3203125,15.356928614277143,4.919016196760648
lud,lrr,4,6737,1024,150,6.5791015625,0.146484375,15.199643758349414,2.226510316164465
lud,lrr,6,6192,1024,50,6.046875,0.048828125,16.5374677002584,0.8074935400516795
nn,gto,1,108970,26858,17043,4.057264129868195,0.6345595353339787,24.647150591906026,15.640084426906489
nn,gto,2,91134,26858,8251,3.3931789410976245,0.3072082805867898,29.470889020563128,9.053701143371299
nn,gto,4,62527,26858,3741,2.3280586789783304,0.13928810782634596,42.95424376669279,5.983015337374254
nn,gto,6,58220,26858,2608,2.16769677563482,0.09710328393774667,46.131913431810375,4.4795602885606325
nn,lrr,1,93497,26858,13792,3.481160175739072,0.5135155261002309,28.72605538145609,14.751275441992792
nn,lrr,2,81951,26858,7163,3.0512696403306276,0.26669893514036785,32.77324254737587,8.740588888482142
nn,lrr,4,61766,26858,2961,2.2997244768783975,0.11024648149527143,43.4834698701551,4.793899556390247
nn,lrr,6,51748,26858,2670,1.9267257427954427,0.09941172090252438,51.901522764164795,5.159619695447168
nw,gto,1,10450,1992,684,5.245983935742972,0.3433734939759036,19.0622009569378,6.545454545454546
nw,gto,2,9118,1992,348,4.577309236947791,0.1746987951807229,21.84689624917745,3.8166264531695546
nw,gto,4,9303,1992,347,4.670180722891566,0.17419678714859438,21.41244759754918,3.7299795764807055
nw,gto,6,8421,1992,312,4.227409638554217,0.1566265060240964,23.65514784467403,3.7050231563947276
nw,lrr,1,10450,1992,684,5.245983935742972,0.3433734939759036,19.0622009569378,6.545454545454546
nw,lrr,2,9118,1992,348,4.577309236947791,0.1746987951807229,21.84689624917745,3.8166264531695546
nw,lrr,4,9303,1992,347,4.670180722891566,0.17419678714859438,21.41244759754918,3.7299795764807055
nw,lrr,6,8421,1992,312,4.227409638554217,0.1566265060240964,23.65514784467403,3.7050231563947276
pathfinder,gto,1,5366,480,308,11.179166666666667,0.6416666666666667,8.94521058516586,5.73984345881476
pathfinder,gto,2,3704,480,426,7.716666666666667,0.8875,12.958963282937367,11.501079913606912
pathfinder,gto,4,2444,480,134,5.091666666666667,0.2791666666666667,19.639934533551553,5.482815057283143
pathfinder,gto,6,2293,480,72,4.777083333333334,0.15,20.93327518534671,3.139991277802006
pathfinder,lrr,1,2931,480,155,6.10625,0.3229166666666667,16.376663254861825,5.288297509382463
pathfinder,lrr,2,3240,480,272,6.75,0.5666666666666667,14.814814814814813,8.395061728395062
pathfinder,lrr,4,2217,480,148,4.61875,0.30833333333333335,21.650879566982407,6.675687866486242
pathfinder,lrr,6,2512,480,36,5.233333333333333,0.075,19.10828025477707,1.4331210191082804
srad_v2,gto,1,69081,24576,17773,2.8109130859375,0.7231852213541666,35.57562860989273,25.7277688510589
srad_v2,gto,2,50642,24576,11514,2.0606282552083335,0.468505859375,48.52888906441294,22.73606887563682
srad_v2,gto,4,41041,24576,8725,1.6699625651041667,0.3550211588541667,59.881581832801345,21.259228576301748
srad_v2,gto,6,31178,24576,4077,1.2686360677083333,0.1658935546875,78.82481236769517,13.076528321252164
srad_v2,lrr,1,42029,24576,7947,1.7101643880208333,0.3233642578125,58.473910871065215,18.90837279021628
srad_v2,lrr,2,40470,24576,7599,1.646728515625,0.3092041015625,60.726464047442555,18.77687175685693
srad_v2,lrr,4,29865,24576,4729,1.2152099609375,0.19242350260416666,82.29030637870417,15.834588983760254
srad_v2,lrr,6,26967,24576,3200,1.0972900390625,0.13020833333333334,91.13360774279676,11.866355174843326
streamcluster,gto,1,82193,43160,8299,1.9043790546802595,0.19228452270620947,52.510554426776004,10.096966894991057
streamcluster,gto,2,55485,43160,6114,1.2855653382761816,0.1416589434661724,77.78678922231234,11.01919437685861
streamcluster,gto,4,43355,43160,2748,1.0045180722891567,0.06367006487488415,99.55022488755623,6.3383692769000115
streamcluster,gto,6,38856,43160,1524,0.9002780352177943,0.03531047265987025,111.076796376364,3.9221741815935762
streamcluster,lrr,1,75316,43160,8225,1.7450417052826692,0.19056997219647823,57.305220670242704,10.920654309841202
streamcluster,lrr,2,46799,43160,5094,1.0843141797961076,0.1180259499536608,92.224192824633,10.8848479668369
streamcluster,lrr,4,34234,43160,2652,0.7931881371640408,0.06144578313253012,126.07349418706548,7.746684582578722
streamcluster,lrr,6,39368,43160,1079,0.9121408711770158,0.025,109.63218857955701,2.740804714488925
